X953.ENEG.1,X953.ENEG.2,X954.ENEG.1,X954.ENEG.2,X955.ENEG.1,X955.ENEG.2,X956.ENEG.1,X956.ENEG.2,X957.ENEG.1,X958.ENEG.1,X958.ENEG.2,X959.ENEG.1,AZMP2024.EDNA.003,AZMP2024.EDNA.004,AZMP2024.EDNA.007,AZMP2024.EDNA.008,AZMP2024.EDNA.009,AZMP2024.EDNA.043,AZMP2024.EDNA.044,AZMP2024.EDNA.045,AZMP2024.EDNA.046,AZMP2024.EDNA.047,AZMP2024.EDNA.048,AZMP2024.EDNA.049,AZMP2024.EDNA.050,AZMP2024.EDNA.051,PER25.1,PER25.10,PER25.100,PER25.101,PER25.102,PER25.103,PER25.104,PER25.105,PER25.106,PER25.107,PER25.108,PER25.109,PER25.11,PER25.110,PER25.111,PER25.112,PER25.113,PER25.114,PER25.115,PER25.116,PER25.117,PER25.118,PER25.119,PER25.12,PER25.120,PER25.121,PER25.122,PER25.123,PER25.124,PER25.125,PER25.126,PER25.127,PER25.13,PER25.14,PER25.15,PER25.16,PER25.17,PER25.18,PER25.19,PER25.2,PER25.20,PER25.21,PER25.22,PER25.23,PER25.24,PER25.25,PER25.26,PER25.27,PER25.28,PER25.29,PER25.3,PER25.30,PER25.31,PER25.32,PER25.33,PER25.34,PER25.35,PER25.36,PER25.37,PER25.38,PER25.39,PER25.4,PER25.40,PER25.41,PER25.42,PER25.43,PER25.44,PER25.45,PER25.46,PER25.47,PER25.48,PER25.49,PER25.5,PER25.50,PER25.51,PER25.52,PER25.53,PER25.54,PER25.55,PER25.56,PER25.57,PER25.58,PER25.59,PER25.6,PER25.60,PER25.61,PER25.62,PER25.63,PER25.64,PER25.65,PER25.66,PER25.67,PER25.68,PER25.69,PER25.7,PER25.70,PER25.71,PER25.72,PER25.73,PER25.74,PER25.75,PER25.76,PER25.77,PER25.78,PER25.79,PER25.8,PER25.80,PER25.81,PER25.82,PER25.83,PER25.84,PER25.85,PER25.86,PER25.87,PER25.88,PER25.89,PER25.9,PER25.90,PER25.91,PER25.92,PER25.93,PER25.94,PER25.95,PER25.96,PER25.97,PER25.99,Phylum,V14,Class,V16,V17,V18,V19,V20,V21,V23,V24,V26,Species,V29
69,34,31,51,48,74,142,43,65,30,72,45,65,17,4132,3195,60,130,23,115,199,28,89,118,98,81,29292,50132,42667,46980,69057,70443,76387,76746,64884,44744,75437,71416,50605,78795,79466,75934,53,15699,18395,16811,13,88,112,47742,128,146,101,239,420,92,187,82,58920,67324,68476,76076,79082,80137,58807,33971,20320,60600,56425,62899,71422,74315,90981,81563,61392,66244,51765,62929,72740,13233,78338,84051,85090,75687,80338,79675,183,74036,76855,65024,2208,25078,23112,22365,554,622,386,2200,54172,2396,2311,480,189,321,1306,1196,1144,4127,5519,59881,5638,16091,16234,14473,59598,59801,64767,27732,32913,29941,3894,72987,71490,67545,56178,66358,62274,41,15233,15634,12711,18782,2111,2136,2336,343,416,490,158,168,169,254,22036,140,208,46,48000,53889,48989,59073,33207,46529,Chlorophyta,0.99,Mamiellophyceae,class,0.99,Mamiellales,order,0.99,Mamiellaceae,0.99,Micromonas_green_algae,0.99,Micromonas_pusilla,0.99
6,0,12,0,14,24,48,0,0,0,36,0,18,62,20435,15849,13,142,46,81,164,9,23,37,41,20,41498,5896,13603,23168,31883,39535,26793,27442,31276,13865,34959,26005,6617,22365,21002,23633,19,2920,4198,3344,9,17,228,6953,110,209,110,322,1333,147,382,24,28909,35210,25684,13236,20226,14522,8777,54280,3505,10179,20639,17277,17881,15587,20779,25467,30100,30208,56009,14558,19396,2830,26193,20708,26951,12452,14359,14535,55,8942,10547,9733,779,4758,4903,3924,338,220,123,396,7768,319,495,336,84,169,399,563,546,974,1038,6063,1031,2022,2273,2140,8880,8419,10133,3606,6240,4858,506,11831,12605,15707,12076,9656,11322,5,2732,2298,1644,2424,638,341,330,170,236,161,269,108,79,32,2634,45,56,15,16232,17866,15317,19830,8240,20613,Chlorophyta,1,Mamiellophyceae,class,1,Mamiellales,order,1,Mamiellaceae,1,Micromonas_green_algae,1,Micromonas_pusilla,1
0,0,0,0,0,0,0,0,0,0,0,0,0,0,0,0,0,54,0,0,0,0,0,0,0,0,0,0,0,0,0,0,0,0,0,10,0,0,0,20,0,0,0,0,9,28,0,0,0,23,0,0,0,0,0,0,0,0,0,0,0,28,0,0,17,0,21,10,10,0,0,16,0,0,0,0,0,28,0,127707,13,54,508,9,0,85,0,13,0,0,4,0,0,0,0,0,0,0,0,0,0,0,0,0,0,0,0,0,0,12,0,0,0,0,0,0,0,0,0,0,0,0,0,0,0,0,0,0,0,0,0,0,0,0,0,0,0,0,0,0,0,0,0,0,0,0,0,0,12,0,0,0,Cnidaria,1,Anthozoa,class,1,Alcyonacea,order,1,Nephtheidae,1,Gersemia,1,Gersemia_rubiformis,1
0,0,0,0,0,0,0,0,0,0,0,0,0,0,0,0,0,0,0,0,0,0,0,0,0,0,7935,0,0,0,0,738,0,0,0,391,57,0,23,0,0,0,0,0,0,0,0,0,0,0,0,0,0,0,0,0,0,0,1373,2636,156,0,0,1027,0,9170,0,0,0,0,0,0,0,188,10684,163,8989,0,0,31,0,0,0,0,0,0,0,0,0,0,0,0,0,0,0,0,0,0,0,0,0,0,0,0,0,0,0,0,0,0,0,0,0,0,0,0,0,0,0,0,0,0,0,0,0,0,0,0,0,0,0,0,0,23066,0,0,0,0,0,0,0,0,0,0,0,0,0,0,0,0,0,17023,Arthropoda,1,Hexanauplia,class,1,Calanoida,order,1,Clausocalanidae,1,Pseudocalanus,1,Pseudocalanus_newmani,1
0,0,0,0,0,0,0,0,0,0,0,0,0,0,0,0,0,0,0,0,0,0,0,0,0,0,0,0,1183,1087,1797,1832,2037,0,1715,0,0,1947,0,0,0,2024,0,421,0,0,0,0,0,0,0,0,0,0,0,0,0,0,0,0,0,0,2210,2143,1572,900,0,0,1463,1636,1770,2025,2404,0,1544,1768,1406,1652,1911,0,2009,0,0,0,0,2154,0,0,0,1383,0,603,593,0,0,0,0,0,0,0,0,0,0,0,0,0,0,0,139,0,0,0,0,411,1573,0,0,749,0,838,0,1873,1949,1762,0,1736,0,0,390,451,303,529,0,0,0,0,0,0,0,0,0,0,562,0,0,0,0,1450,1335,1635,0,0,Chlorophyta,0.98,Mamiellophyceae,class,0.98,Mamiellales,order,0.98,Mamiellaceae,0.98,Micromonas_green_algae,0.98,Micromonas_pusilla,0.98
0,0,0,0,0,0,0,0,0,0,0,0,0,0,0,0,0,0,0,0,0,0,0,0,0,0,0,0,1079,919,1737,2038,1990,0,1746,0,0,1869,0,0,0,1952,0,393,0,0,0,0,0,0,0,0,0,0,0,0,0,0,0,0,0,0,2265,2126,1562,937,0,0,1401,1761,1862,1993,2259,0,1601,1814,1404,1540,1764,0,2049,0,0,0,0,2053,0,0,0,1134,0,507,594,0,0,0,0,0,0,0,0,0,0,0,0,0,0,0,0,0,0,0,0,439,1352,0,0,718,0,771,0,1729,1799,1814,0,1708,0,0,327,437,335,511,0,0,0,0,0,0,0,0,0,0,569,0,0,0,0,1402,1399,1661,0,0,Chlorophyta,0.99,Mamiellophyceae,class,0.98,Mamiellales,order,0.98,Mamiellaceae,0.98,Micromonas_green_algae,0.98,Micromonas_pusilla,0.98
0,0,0,0,0,0,0,0,0,0,0,0,0,0,0,0,0,0,0,0,0,0,0,0,0,0,792,1299,0,0,0,0,0,1963,0,1497,1967,0,1284,2050,2144,0,0,0,543,453,0,0,0,1322,0,0,0,0,0,0,0,0,1617,1741,1840,1933,0,0,0,0,560,1647,0,0,0,0,0,2143,0,0,0,0,0,375,0,2255,2183,1926,2222,0,0,1903,2025,0,0,0,0,632,0,0,0,0,1511,0,0,0,0,0,0,0,0,110,0,1529,141,402,473,0,0,1509,1724,0,871,0,182,0,0,0,1527,0,1660,0,0,0,0,0,0,0,0,0,0,0,0,0,0,0,0,0,0,0,1245,0,0,0,0,1235,Chlorophyta,0.99,Mamiellophyceae,class,0.99,Mamiellales,order,0.99,Mamiellaceae,0.99,Micromonas_green_algae,0.99,Micromonas_pusilla,0.99
0,0,0,0,0,0,0,0,0,0,0,0,0,0,0,0,0,0,0,0,0,0,0,0,0,0,294,653,360,466,860,863,891,887,819,505,868,788,573,983,990,810,0,175,189,0,0,0,0,505,0,0,0,0,0,0,0,0,574,783,674,824,961,1078,499,388,208,556,522,619,634,992,924,990,875,844,524,859,943,200,845,982,984,908,804,993,0,779,961,794,0,0,219,240,0,0,0,0,518,0,0,0,0,0,0,0,0,0,0,622,0,191,0,0,664,434,560,0,0,0,0,718,638,599,544,624,605,0,0,0,0,0,0,0,0,0,0,0,0,0,0,52,0,0,0,0,479,565,546,607,0,504,Chlorophyta,0.99,Mamiellophyceae,class,0.99,Mamiellales,order,0.99,Mamiellaceae,0.99,Micromonas_green_algae,0.99,Micromonas_pusilla,0.99
0,0,0,0,0,0,0,0,0,0,0,0,0,0,0,20,0,0,0,3,0,0,0,0,0,0,0,0,4,0,16,0,0,8,5,0,0,0,7,0,0,0,0,0,0,0,0,0,0,2,0,0,0,0,0,0,0,0,0,3,0,0,12,10,0,0,0,0,0,0,0,0,0,0,0,0,0,2815,15491,10481,28,50,31,0,0,0,0,6,0,0,0,0,8,0,0,0,17,4,51,8,0,6,0,0,0,0,0,0,22,0,0,0,0,0,3,0,10,0,0,0,0,0,2,0,0,0,16,0,0,0,0,0,0,0,0,0,0,0,0,0,0,38,0,0,0,0,4,3,8,0,0,0,Porifera,1,Demospongiae,class,1,Poecilosclerida,order,1,Myxillidae,1,Ectyonopsis,1,Ectyonopsis_pluridentata,1
0,0,0,0,0,0,0,0,0,0,0,0,0,0,0,0,0,0,0,0,0,0,0,0,0,0,0,504,211,1035,257,623,279,220,360,303,317,267,373,231,357,332,0,36,0,0,0,0,0,219,0,0,0,0,0,0,0,0,311,477,215,848,985,601,192,18,66,221,29,174,220,794,686,193,62,74,83,205,127,141,341,293,515,587,416,312,0,1082,316,392,0,176,0,155,239,36,247,461,1151,377,442,256,0,110,232,1201,740,70,189,823,96,75,0,122,0,45,0,42,0,67,81,90,26,0,75,0,0,0,203,0,0,449,66,90,0,380,260,446,0,0,0,193,230,557,489,0,200,200,226,176,94,221,Echinodermata,1,Ophiuroidea,class,1,Amphilepidida,order,1,Ophiactidae,1,Ophiopholis,1,Ophiopholis_aculeata,1
0,0,0,0,0,0,0,0,0,0,0,0,0,0,0,0,0,0,0,0,0,0,0,0,0,0,0,0,0,0,0,0,0,0,0,0,0,0,0,0,0,0,0,0,0,0,0,0,0,28664,0,0,0,0,0,0,0,0,0,0,0,0,0,0,0,0,0,0,0,0,0,0,0,0,0,0,0,0,0,0,0,0,0,0,0,0,0,0,0,0,0,0,0,0,0,0,0,0,0,0,0,0,0,0,0,0,0,0,0,0,0,0,0,0,0,0,0,0,0,0,0,0,0,0,0,0,0,0,0,0,0,0,0,0,0,0,0,0,0,0,0,0,0,0,0,0,0,0,0,0,0,0,Echinodermata,1,Ophiuroidea,class,1,Amphilepidida,order,1,Ophiactidae,1,Ophiopholis,1,Ophiopholis_aculeata,1
0,0,0,0,0,0,0,0,0,0,0,0,0,0,377,283,0,0,0,0,0,0,0,0,0,0,936,122,316,573,769,739,564,689,655,315,835,664,144,419,386,439,0,0,0,0,0,0,0,0,0,0,0,0,0,0,0,0,586,781,531,216,462,335,130,1248,0,176,283,280,200,334,323,446,469,576,1311,287,391,0,520,423,534,264,283,225,0,173,143,192,0,0,0,0,0,0,0,0,115,0,0,0,0,0,0,0,0,0,0,0,0,0,0,0,182,0,191,0,0,148,0,140,243,212,221,163,243,0,95,0,93,0,0,0,0,0,0,0,0,0,0,0,0,0,0,0,190,257,211,318,0,352,Chlorophyta,1,Mamiellophyceae,class,1,Mamiellales,order,1,Mamiellaceae,1,Micromonas_green_algae,1,Micromonas_pusilla,1
0,0,0,0,0,0,0,0,0,0,0,0,0,0,567,0,0,0,0,0,0,0,0,0,0,0,0,0,381,540,827,1052,729,0,874,0,0,732,0,0,0,630,0,0,0,0,0,0,0,0,0,0,0,0,0,0,0,0,0,0,0,0,555,379,244,1338,0,0,561,476,479,398,499,0,827,795,1539,402,480,0,746,0,0,0,0,407,0,0,0,218,0,0,0,0,0,0,0,0,0,0,0,0,0,0,0,0,0,0,0,0,0,0,0,0,221,0,0,0,0,131,0,318,334,439,0,273,0,0,0,0,0,0,0,0,0,0,0,0,0,0,0,0,0,0,0,0,0,465,419,562,0,0,Chlorophyta,1,Mamiellophyceae,class,1,Mamiellales,order,1,Mamiellaceae,1,Micromonas_green_algae,1,Micromonas_pusilla,1
0,0,0,0,0,0,0,0,0,0,0,0,0,0,556,0,0,0,0,0,0,0,0,0,0,0,0,0,377,501,810,1092,702,0,807,0,0,712,0,0,0,664,0,0,0,0,0,0,0,0,0,0,0,0,0,0,0,0,0,0,0,0,597,442,234,1446,0,0,470,485,489,414,527,0,879,830,1480,371,496,0,707,0,0,0,0,398,0,0,0,0,0,0,0,0,0,0,0,0,0,0,0,0,0,0,0,0,0,0,0,0,0,0,0,0,221,0,0,0,0,0,0,296,339,407,0,252,0,0,0,0,0,0,0,0,0,0,0,0,0,0,0,0,0,0,0,0,0,477,423,553,0,0,Chlorophyta,1,Mamiellophyceae,class,1,Mamiellales,order,1,Mamiellaceae,1,Micromonas_green_algae,1,Micromonas_pusilla,1
0,0,0,0,0,0,0,0,0,0,0,0,0,0,0,0,0,0,0,0,0,0,0,0,0,0,0,0,0,15580,0,0,0,0,0,0,0,0,0,0,0,0,0,0,0,0,0,0,0,0,0,0,0,0,0,0,0,0,0,0,0,0,0,0,0,0,0,0,0,0,0,0,0,0,0,0,0,0,0,0,0,0,0,0,0,0,0,0,0,0,0,0,0,0,0,0,0,0,0,0,0,0,0,0,0,0,0,0,0,0,0,0,0,0,0,0,0,0,0,0,0,0,0,0,0,0,0,0,0,0,0,0,0,0,0,0,0,0,0,0,0,0,0,0,0,0,0,0,0,0,0,0,Arthropoda,1,Hexanauplia,class,1,Calanoida,order,1,Clausocalanidae,1,Pseudocalanus,1,Pseudocalanus_newmani,1
0,0,0,0,0,0,0,0,0,0,0,0,0,0,0,0,0,0,0,0,0,0,0,0,0,0,26,158,126,203,88,0,105,90,82,0,139,0,252,127,143,197,0,0,0,0,0,0,0,0,0,0,0,0,0,0,0,0,199,166,230,544,452,520,230,0,0,192,0,131,0,487,494,0,0,0,0,0,0,138,207,153,193,180,144,272,0,617,245,234,0,178,0,57,245,88,110,365,444,176,293,0,127,147,985,238,361,59,0,434,173,0,0,0,0,0,0,0,0,0,0,78,0,0,0,184,0,0,0,55,71,0,0,0,103,219,0,0,0,0,0,251,0,243,677,0,114,0,0,68,0,0,Echinodermata,1,Ophiuroidea,class,1,Amphilepidida,order,1,Ophiactidae,1,Ophiopholis,1,Ophiopholis_aculeata,1
0,0,0,0,0,0,0,0,0,0,0,0,0,0,0,428,0,0,0,0,0,0,0,0,0,0,1032,160,0,0,0,0,0,713,0,443,900,0,177,616,545,0,0,0,117,0,0,0,0,209,0,0,0,0,0,0,0,0,782,923,721,359,0,0,0,0,0,280,0,0,0,0,0,638,0,0,0,0,0,0,0,574,695,353,398,0,0,222,252,0,0,0,0,0,0,0,0,0,197,0,0,0,0,0,0,0,0,0,0,152,0,0,0,0,0,215,265,0,161,0,0,0,0,0,331,0,267,0,0,0,0,0,0,0,0,0,0,0,0,0,0,0,0,0,0,0,432,0,0,0,0,580,Chlorophyta,1,Mamiellophyceae,class,1,Mamiellales,order,1,Mamiellaceae,1,Micromonas_green_algae,1,Micromonas_pusilla,1
0,0,0,0,0,0,0,0,0,0,0,0,0,0,0,0,0,0,0,0,0,0,0,0,0,0,0,0,0,17,5,14,0,0,0,0,0,0,0,0,0,0,0,0,0,0,0,0,0,0,0,0,0,0,0,0,0,0,0,0,0,0,0,0,0,0,0,0,0,0,0,0,0,16,10,0,0,12875,455,56,9,0,154,0,0,0,0,0,0,0,0,0,0,0,0,0,0,0,0,0,0,0,0,0,0,0,0,0,0,0,0,0,0,0,0,0,0,0,0,0,0,0,0,0,0,0,0,0,0,0,3,0,0,0,0,0,0,0,0,0,0,0,0,0,0,0,0,0,0,4,0,0,Cnidaria,1,Anthozoa,class,1,Actiniaria,order,1,Metridiidae,1,Metridium,1,Metridium_senile,1
0,0,0,0,0,0,0,0,0,0,0,0,0,0,0,0,0,0,0,0,0,0,0,0,0,0,16,83,96,124,121,360,163,105,311,110,280,94,68,120,149,161,0,91,107,111,0,0,0,91,0,0,0,0,0,0,0,0,70,82,83,150,120,172,106,83,62,182,436,186,204,119,153,100,61,105,35,104,151,36,401,176,391,198,161,145,0,140,183,196,0,115,214,63,10,14,16,6,78,16,0,0,0,39,0,0,0,12,30,120,29,84,133,189,169,175,187,182,161,135,0,293,241,810,214,260,198,0,144,73,60,48,0,11,0,0,9,0,0,0,18,0,140,6,0,0,300,112,135,144,64,111,Chlorophyta,1,Mamiellophyceae,class,1,Mamiellales,order,1,Mamiellaceae,1,Micromonas_green_algae,1,Micromonas_pusilla,1
0,0,0,0,0,0,0,0,0,0,0,0,0,0,0,18,0,0,0,0,0,0,0,0,0,0,0,0,8516,0,0,0,0,0,0,0,9,0,0,0,0,0,0,10,0,14,0,0,0,0,0,0,0,0,0,0,0,0,0,0,0,0,17,0,0,0,0,0,27,0,0,0,0,0,0,0,0,0,0,0,0,0,0,0,0,12,0,248,0,0,0,0,0,0,0,0,0,0,0,0,0,0,0,0,0,0,0,0,43,0,0,0,0,0,0,0,0,0,0,0,0,0,0,0,0,0,0,0,30,0,0,0,0,0,0,37,0,0,0,0,0,0,0,0,0,0,0,0,0,0,0,3017,Echinodermata,1,Echinoidea,class,1,Camarodonta,order,1,Strongylocentrotidae,1,Strongylocentrotus,1,Strongylocentrotus_droebachiensis,1
0,0,0,0,0,0,0,0,0,0,0,0,0,0,0,0,0,0,0,0,0,0,0,0,0,0,0,59,0,35,92,43,31,17,54,45,0,0,93,0,0,0,0,229,0,0,0,0,0,59,0,0,0,0,0,0,22,0,0,0,0,0,0,37,0,70,0,0,0,0,0,0,0,0,0,0,0,0,32,0,0,87,570,0,0,106,0,0,0,0,0,0,0,0,24,0,0,0,0,0,210,0,0,0,0,121,0,23,64,0,0,0,196,191,0,0,18,240,0,100,63,39,0,0,0,54,219,0,65,22,0,4671,47,0,16,0,105,0,0,79,0,0,2864,0,0,0,0,0,0,0,0,0,Cnidaria,1,Hydrozoa,class,1,Anthoathecata,order,1,Pandeidae,1,Catablema,1,Catablema_vesicarium,1
0,0,0,0,0,0,0,0,0,0,0,0,0,0,0,0,0,0,0,0,0,0,0,0,0,0,0,21,1082,0,0,0,0,0,0,0,0,0,0,0,0,0,0,281,73,58,0,0,0,0,0,0,0,0,0,0,0,0,0,6,0,0,16,27,222,0,0,79,240,29,0,308,417,13,0,0,0,38,0,0,0,0,0,0,0,64,0,0,102,47,0,59,105,38,0,218,0,19,0,0,69,0,0,0,0,452,0,207,132,91,50,260,252,787,0,0,24,0,0,155,111,37,8,0,0,0,36,0,766,0,409,160,196,0,40,24,0,0,0,0,0,0,50,19,0,0,140,0,0,2769,141,0,Annelida,1,Polychaeta,class,1,Terebellida,order,1,Terebellidae,1,Thelepus,1,Thelepus_cincinnatus,1
0,0,0,0,0,0,0,0,0,0,0,0,0,0,0,0,0,0,0,0,0,0,0,0,0,0,0,0,76,0,85,0,81,0,79,61,0,0,132,81,0,277,0,0,0,0,0,0,0,52,0,0,0,0,0,0,0,0,135,101,74,213,327,158,141,0,0,0,62,0,0,424,123,60,0,21,0,0,94,60,110,67,179,217,0,78,0,141,145,94,0,0,0,0,0,0,0,4054,217,324,354,0,0,0,55,205,0,84,0,116,145,0,0,0,90,0,0,0,0,0,76,0,0,0,0,0,0,0,0,0,0,0,0,0,0,74,0,0,0,0,0,0,93,145,72,0,0,0,0,45,0,0,Echinodermata,1,Ophiuroidea,class,1,Amphilepidida,order,1,Ophiactidae,1,Ophiopholis,1,Ophiopholis_aculeata,1
0,0,0,0,0,0,0,0,0,0,0,0,0,0,0,0,0,0,0,0,0,0,0,0,0,0,0,20,40,29,27,37,0,51,46,56,21,0,38,52,34,91,0,0,98,0,0,0,0,31,0,0,0,0,0,0,0,0,0,7,0,0,0,0,0,0,0,0,0,0,7,0,0,0,0,0,0,0,0,0,0,0,9,0,0,0,0,10,6,0,0,0,0,0,224,323,68,163,2,115,230,116,0,138,0,16,0,0,0,0,20,0,0,0,0,0,0,0,0,0,5,0,0,0,0,0,0,0,9,12,46,0,59,129,11,482,278,121,0,0,0,1613,10,1263,733,0,1051,761,958,219,32,85,Annelida,1,Polychaeta,class,1,Terebellida,order,1,Flabelligeridae,1,Flabelligera,1,Flabelligera_affinis_CMC01,1
0,0,0,0,0,0,0,0,0,0,0,0,0,0,0,0,0,0,0,0,0,0,0,0,0,0,0,118,0,88,0,0,0,0,55,0,0,40,114,57,0,0,0,0,0,0,0,0,0,0,0,0,0,0,0,0,0,0,66,155,110,128,184,0,0,0,75,166,0,0,0,223,322,0,0,0,0,65,71,0,53,215,134,80,60,87,0,227,0,0,0,0,248,0,0,0,0,1005,153,782,2670,0,0,0,82,0,304,0,31,176,0,24,0,100,0,43,121,0,0,0,0,0,0,0,0,0,0,0,0,0,0,70,0,0,0,0,0,144,0,25,0,61,113,75,0,0,0,24,83,0,0,166,Echinodermata,1,Ophiuroidea,class,1,Amphilepidida,order,1,Ophiactidae,1,Ophiopholis,1,Ophiopholis_aculeata,1
0,0,0,0,0,0,0,0,0,0,0,0,0,0,0,0,0,0,0,0,0,0,0,0,0,0,0,0,0,0,0,0,0,0,0,0,0,0,0,0,0,0,0,0,0,0,0,9,0,0,0,0,0,0,0,0,0,0,0,0,0,0,0,0,0,0,0,0,0,0,0,0,0,0,0,0,0,0,0,0,0,0,0,0,0,0,0,0,0,0,0,0,0,38,0,42,44,10,0,0,0,0,0,44,48,39,0,45,0,0,0,0,0,0,0,0,0,0,0,0,0,0,0,0,0,0,0,0,0,0,0,0,0,0,0,0,0,13,418,208,238,6425,0,130,115,0,0,0,0,0,0,0,Annelida,1,Polychaeta,class,1,undef_Polychaeta,order,1,Opheliidae,1,Ophelina,1,Ophelina_acuminata_CMC01,1
0,0,0,0,0,0,0,0,0,0,0,0,0,0,0,0,0,0,0,0,0,0,0,0,0,0,48,0,0,324,104,0,0,37,3763,0,0,0,0,312,61,0,0,0,74,0,0,55,52,0,0,46,0,0,0,0,0,0,124,174,0,26,0,0,0,0,0,0,0,37,0,0,0,0,237,0,0,0,66,0,0,138,0,0,0,0,0,0,0,0,0,19,0,55,0,0,0,0,0,46,0,65,56,0,0,33,0,0,73,0,0,54,112,133,0,0,0,68,53,149,0,0,0,136,0,0,0,0,0,0,0,0,40,0,0,0,48,0,100,0,37,0,0,0,13,0,0,0,20,40,0,68,Cnidaria,1,Hydrozoa,class,1,Anthoathecata,order,1,Pandeidae,1,Catablema,1,Catablema_vesicarium,1
0,0,0,0,0,0,0,0,0,0,0,0,0,0,9,48,0,0,0,0,0,0,0,0,0,0,0,59,62,35,41,21,74,25,27,78,49,0,0,35,24,68,0,57,29,59,0,0,0,53,0,0,0,0,0,0,0,0,45,34,49,108,97,124,117,0,44,116,119,99,68,38,89,0,0,0,0,20,98,73,58,98,14,31,0,13,0,163,28,147,0,0,43,102,115,117,0,171,41,229,332,18,24,5,127,93,690,74,0,61,95,26,20,127,0,0,34,8,32,59,47,0,10,39,0,38,94,0,56,130,139,44,48,31,0,12,70,121,0,0,51,22,77,155,100,0,57,75,30,116,20,56,Echinodermata,1,Echinoidea,class,1,Camarodonta,order,1,Strongylocentrotidae,1,Strongylocentrotus,1,Strongylocentrotus_pallidus,1
0,0,0,0,0,0,0,0,0,0,0,0,0,0,0,0,0,0,0,0,0,0,0,0,0,0,140,0,127,0,76,48,0,0,0,0,85,0,0,0,0,0,0,327,61,583,0,0,0,62,78,0,766,276,0,0,0,0,365,0,48,0,0,0,0,0,0,0,0,0,0,0,0,114,0,120,174,121,81,88,96,113,86,36,49,0,0,318,91,0,0,0,0,0,0,0,0,0,114,0,0,59,0,0,58,0,0,42,51,80,179,51,169,362,78,48,50,202,139,131,0,104,122,0,50,75,0,0,0,40,0,0,0,0,0,0,0,0,0,0,0,0,0,0,0,0,0,0,0,0,10,0,Cnidaria,1,Hydrozoa,class,1,Anthoathecata,order,1,Pandeidae,1,Catablema,1,Catablema_vesicarium,1
0,0,0,0,0,0,0,0,0,0,0,0,0,0,0,0,0,0,0,0,0,0,0,0,0,0,0,0,0,0,0,0,0,0,0,0,0,0,0,0,0,0,0,0,0,0,0,0,0,0,0,0,0,0,0,0,0,0,0,0,0,0,0,0,0,0,0,0,0,0,0,0,0,0,0,6615,0,0,0,0,0,0,0,0,0,0,0,0,0,0,0,0,0,0,0,0,0,0,0,0,0,0,0,0,0,0,0,0,0,0,0,0,0,0,0,0,0,0,0,0,0,0,0,0,0,0,0,0,0,0,0,0,0,0,0,0,0,0,0,0,0,0,0,0,0,0,0,0,0,0,0,0,Arthropoda,1,Hexanauplia,class,1,Calanoida,order,1,Calanidae,1,Calanus,1,Calanus_finmarchicus,1
0,0,0,0,0,0,0,0,0,0,0,0,0,0,0,0,0,0,0,0,0,0,0,0,0,0,0,17,77,249,0,0,174,0,0,0,92,95,0,0,0,52,0,405,0,91,0,0,0,0,0,0,40,0,286,0,77,0,0,0,0,0,25,0,0,58,18,0,0,0,113,0,0,1565,833,728,52,0,64,0,37,0,0,31,0,0,0,50,0,0,0,0,0,219,40,0,0,0,10,0,0,47,45,0,26,0,0,14,0,0,19,247,0,0,37,0,0,43,77,0,0,0,0,0,39,0,0,0,93,28,0,0,0,32,0,0,94,0,0,0,0,0,63,0,0,0,0,0,0,0,0,0,Cnidaria,1,Hydrozoa,class,1,Anthoathecata,order,1,Pandeidae,1,Catablema,1,Catablema_vesicarium,1
0,0,0,0,0,0,0,0,0,0,0,0,0,0,0,0,0,0,0,0,0,0,0,0,0,0,0,0,23,2,14,43,0,9,0,24,14,18,0,0,0,0,0,33,0,0,0,28,0,0,32,0,0,0,0,4346,0,0,19,0,12,4,9,5,30,0,10,27,40,8,62,11,0,0,0,0,0,6,0,0,29,0,0,0,0,0,0,10,0,11,0,61,71,193,0,0,0,46,9,0,51,0,0,0,0,0,0,12,0,0,0,0,0,0,0,0,0,31,0,0,6,0,0,0,28,0,17,0,0,0,0,13,0,5,0,6,30,0,0,0,22,0,13,110,37,0,25,184,23,21,30,0,Echinodermata,1,Echinoidea,class,1,Clypeasteroida,order,1,Echinarachniidae,1,Echinarachnius,1,Echinarachnius_parma,1
0,0,0,0,0,0,0,0,0,0,0,0,0,0,0,0,0,0,0,0,0,0,0,0,0,0,0,0,0,0,0,0,0,0,0,0,0,0,0,0,0,0,0,0,0,0,0,0,0,0,0,0,0,0,0,0,0,0,0,2967,0,0,0,0,0,2681,0,0,0,0,0,0,0,0,0,0,0,0,0,0,0,0,0,0,0,0,0,0,0,0,0,0,0,0,0,0,0,0,0,0,0,0,0,0,0,0,0,0,0,0,0,0,0,0,0,0,0,0,0,0,0,0,0,0,0,0,0,0,0,0,0,0,0,0,0,0,0,0,0,0,0,0,0,0,0,0,0,0,0,0,0,0,Arthropoda,1,Hexanauplia,class,1,Calanoida,order,1,Clausocalanidae,1,Pseudocalanus,1,Pseudocalanus_newmani,1
0,0,0,0,0,0,0,0,0,0,0,0,0,0,0,0,0,0,0,0,0,0,0,0,0,0,155,51,149,37,32,39,42,191,49,18,26,63,0,29,63,0,0,67,99,32,0,0,0,31,0,0,0,0,953,50,0,0,83,51,0,0,37,109,12,95,0,0,17,0,0,0,41,0,0,0,84,0,0,0,73,0,32,40,36,26,0,40,0,0,0,53,59,0,0,28,0,47,63,0,24,0,17,0,46,60,681,104,0,51,139,0,43,29,35,0,52,61,65,100,0,0,24,68,15,0,0,0,0,0,29,40,72,51,31,72,17,0,0,12,17,0,60,10,68,0,0,0,48,20,0,0,Cnidaria,1,Hydrozoa,class,1,Anthoathecata,order,1,Pandeidae,1,Catablema,1,Catablema_vesicarium,1
0,0,0,0,0,0,0,0,0,0,0,0,0,0,0,0,0,0,0,0,0,0,0,0,0,0,0,0,0,0,0,0,0,0,0,0,0,0,0,0,0,0,0,0,39,0,0,0,0,0,0,0,0,0,0,0,0,0,0,0,0,0,0,0,0,0,0,0,0,0,0,0,0,0,0,0,0,0,0,0,0,0,0,0,0,0,0,0,0,0,0,14,0,0,270,100,272,0,0,196,0,568,745,397,476,103,100,0,74,0,51,0,0,21,0,0,0,0,0,0,66,0,0,0,0,0,0,0,0,0,150,0,0,0,0,0,0,0,145,334,252,368,0,390,152,0,0,0,0,0,0,0,Annelida,1,Polychaeta,class,1,Terebellida,order,1,Terebellidae,1,Proclea,1,Proclea_malmgreni,1
0,0,0,0,0,0,0,0,0,0,0,0,0,0,0,0,0,0,0,0,0,0,0,0,0,0,0,30,96,0,0,8,0,0,21,32,0,0,79,15,21,54,0,273,48,78,0,0,30,38,0,0,0,36,0,0,0,0,23,44,43,25,52,43,50,0,31,66,27,24,42,42,17,0,24,0,0,0,8,3,18,8,13,49,23,30,0,47,0,49,0,57,47,30,0,0,0,33,41,74,0,54,0,3,46,14,56,0,5,14,35,25,83,84,43,48,214,40,48,46,0,31,0,30,17,35,22,0,153,688,276,48,51,97,34,22,0,0,23,0,35,51,64,60,20,0,30,45,34,301,19,73,Echinodermata,1,Holothuroidea,class,1,Dendrochirotida,order,1,Psolidae,1,Psolus,1,Psolus_phantapus,1
0,0,0,0,0,0,0,0,0,0,0,0,0,0,0,0,0,0,0,0,0,0,0,0,0,0,0,110,0,0,54,0,0,0,0,0,0,122,204,53,0,0,0,0,0,0,0,0,0,44,0,0,0,0,0,0,0,0,95,0,0,207,100,92,55,0,0,0,0,0,0,156,138,0,0,0,0,0,0,0,0,0,0,165,0,0,0,185,70,104,0,0,54,0,0,59,178,89,272,0,75,0,443,56,62,0,267,0,0,124,0,0,0,91,29,0,0,0,0,0,0,0,0,0,0,0,0,0,0,0,0,136,0,0,0,0,0,342,0,0,47,230,60,213,0,0,0,0,172,0,0,0,Echinodermata,1,Ophiuroidea,class,1,Amphilepidida,order,1,Ophiactidae,1,Ophiopholis,1,Ophiopholis_aculeata,1
0,0,0,0,0,0,0,0,0,0,0,0,0,0,0,0,0,0,0,0,0,0,0,0,0,0,161,0,0,0,0,0,0,0,0,0,0,0,0,0,0,0,0,0,0,0,0,0,0,0,0,0,0,0,0,0,0,0,169,0,0,0,0,0,0,2081,0,0,0,0,0,0,0,0,1248,0,955,0,0,0,0,0,0,0,0,0,0,0,0,0,0,0,0,0,0,0,0,0,0,0,0,0,0,0,0,0,0,0,0,0,0,0,0,0,0,0,0,0,0,0,0,0,0,0,0,0,0,0,0,0,0,0,0,0,0,0,0,0,0,0,0,0,0,0,0,0,0,0,0,0,0,0,Arthropoda,1,Hexanauplia,class,1,Calanoida,order,1,Clausocalanidae,1,Pseudocalanus,1,Pseudocalanus_newmani,1
0,0,0,0,0,0,0,0,0,0,0,0,0,0,0,0,0,0,0,0,0,0,0,0,0,0,0,149,0,0,8,0,0,0,0,0,0,0,0,0,0,0,0,0,0,0,0,0,0,0,0,0,0,0,0,0,0,0,0,0,21,0,0,3875,0,0,0,0,0,0,17,91,0,0,0,61,0,5,0,0,59,24,0,0,0,0,0,0,0,0,0,0,0,99,0,0,0,0,0,0,0,0,0,0,0,0,0,0,0,0,0,0,0,0,0,0,0,0,0,0,0,0,0,0,0,0,0,0,0,0,0,0,0,0,0,0,0,0,0,0,0,0,0,0,0,0,0,0,0,0,0,146,Annelida,1,Polychaeta,class,1,Sabellida,order,1,Sabellidae,1,Pseudopotamilla,1,Pseudopotamilla_reniformis,1
0,0,0,0,0,0,0,0,0,0,0,0,0,0,0,0,0,0,0,0,0,0,0,0,0,0,0,15,273,5,18,24,11,0,113,44,29,58,0,73,64,43,0,0,8,16,0,0,0,11,0,0,0,0,0,0,0,0,47,85,52,0,0,28,55,0,0,56,29,22,58,87,75,0,0,0,0,0,13,0,20,10,8,19,0,12,0,0,15,9,0,18,80,22,0,19,37,56,52,44,14,0,0,0,0,14,29,55,30,84,71,82,98,254,34,16,0,35,33,0,43,15,0,54,21,23,36,0,0,29,0,228,69,131,59,0,0,0,0,0,0,60,374,23,30,0,37,80,44,90,17,122,Mollusca,1,Bivalvia,class,1,Pectinida,order,1,Pectinidae,1,Chlamys,1,Chlamys_islandica,1
0,0,0,0,0,47,0,0,0,0,0,92,0,0,0,8,0,0,0,67,0,0,0,110,0,0,0,0,72,23,0,0,0,0,0,0,3,8,0,0,6,0,0,15,0,22,0,0,0,0,132,0,0,0,0,205,0,51,0,0,0,0,0,71,0,0,0,123,31,0,0,0,0,0,14,76,47,0,81,0,27,0,0,42,0,149,110,24,0,35,60,0,32,108,72,107,169,0,5,26,0,52,0,31,0,0,0,0,103,0,170,234,23,72,41,0,0,25,0,0,0,0,0,47,0,14,0,0,0,0,0,0,87,11,205,8,0,0,44,8,341,129,0,79,172,0,23,0,0,0,0,10,Chordata,1,Mammalia,class,1,Primates,order,1,Hominidae,1,Homo,1,Homo_sapiens,1
0,0,0,0,0,0,0,0,0,0,0,0,0,0,0,0,0,0,0,0,0,0,0,0,0,0,0,0,0,0,0,0,0,0,0,0,0,0,0,0,0,0,0,0,0,0,0,0,0,0,0,0,0,0,0,0,0,0,0,0,0,0,0,0,0,0,0,0,54,0,0,0,0,0,0,0,0,0,0,0,0,0,0,0,0,0,0,0,0,0,0,0,0,0,1436,250,0,0,0,0,0,331,511,453,0,0,323,0,0,0,0,0,0,0,0,0,0,0,0,0,0,0,0,50,0,0,0,0,0,0,0,0,0,0,0,0,0,0,85,227,206,86,0,0,116,0,0,0,0,0,0,0,Annelida,1,Polychaeta,class,1,Terebellida,order,1,Terebellidae,1,Proclea,1,Proclea_malmgreni,1
0,0,0,0,0,0,0,0,0,0,0,0,0,0,0,0,0,0,0,0,0,0,0,0,0,0,0,0,337,11,0,40,0,0,4,0,12,0,18,9,16,33,0,0,0,0,0,0,0,8,0,0,0,0,0,0,0,0,41,45,106,27,0,8,0,0,7,0,0,0,0,0,10,0,0,0,0,1055,7,39,44,13,1737,37,0,9,0,9,0,0,0,143,0,0,0,0,0,0,0,0,0,0,0,0,0,0,0,0,0,5,0,0,0,0,21,19,38,0,0,19,4,0,0,0,0,0,6,0,0,0,0,14,0,0,0,0,0,0,5,0,0,0,0,3,0,0,4,0,0,0,0,71,Cnidaria,1,Hydrozoa,class,1,Leptothecata,order,1,Lafoeidae,1,Lafoea,1,Lafoea_dumosa,1
0,0,0,0,0,0,0,0,0,0,0,0,0,0,0,0,0,0,0,0,0,0,0,0,0,0,0,0,0,0,0,0,0,0,0,0,0,0,0,0,3,0,0,0,0,0,0,0,0,4,0,0,0,0,0,0,0,0,0,0,0,0,0,0,320,0,0,0,7,0,0,0,0,0,0,0,0,0,0,3608,0,0,0,6,0,0,0,6,0,0,0,0,0,0,0,0,0,0,0,0,0,0,0,0,0,0,0,0,0,7,0,0,0,0,12,0,0,0,0,0,0,0,0,0,0,0,0,0,0,0,18,0,0,0,0,0,0,0,0,0,0,0,0,0,0,0,0,0,0,0,0,14,Mollusca,1,Bivalvia,class,1,Cardiida,order,1,Tellinidae,1,Macoma,1,Macoma_calcarea,1
0,0,0,0,0,0,0,0,0,0,0,0,0,0,0,0,0,0,0,0,0,0,0,0,0,0,0,0,0,0,0,0,0,0,0,0,0,0,0,0,0,0,0,0,0,0,0,226,250,0,353,438,505,367,386,465,438,0,0,0,0,0,0,0,0,0,0,0,0,0,0,0,0,0,0,0,0,0,0,0,0,0,0,0,0,0,0,0,0,0,0,0,0,0,101,22,0,0,0,0,0,36,0,0,0,0,23,0,0,0,0,0,0,0,0,0,0,0,0,0,0,0,0,0,0,0,0,0,0,0,0,0,0,0,0,0,0,0,0,79,0,0,0,0,0,0,0,0,0,0,0,0,Annelida,1,Polychaeta,class,1,Terebellida,order,1,Trichobranchidae,1,Terebellides,1,Terebellides_stroemii_CMC01,1
0,0,0,0,0,0,0,0,0,0,0,0,0,0,0,0,0,0,0,53,0,0,0,0,0,0,0,0,0,0,0,0,0,0,0,0,0,0,0,0,0,0,0,0,0,0,0,0,0,0,0,0,0,24,0,0,0,0,0,0,0,0,0,0,0,0,0,0,0,0,0,0,0,0,0,0,0,0,0,0,0,0,0,0,0,0,0,0,0,0,0,0,0,0,0,0,0,0,0,0,0,0,0,0,0,0,0,0,0,0,0,0,0,0,3227,0,0,93,0,0,0,46,0,0,32,0,0,0,2,5,0,0,37,0,0,55,0,0,43,0,0,0,0,0,0,0,0,0,0,0,0,0,Cnidaria,1,Scyphozoa,class,1,Semaeostomeae,order,1,Ulmaridae,1,Phacellophora,1,Phacellophora_camtschatica,1
0,0,0,0,0,0,0,0,0,0,0,0,0,0,0,0,0,0,0,0,0,0,0,0,0,0,0,0,0,97,0,50,0,62,0,0,77,85,70,54,130,0,0,0,0,0,0,0,0,0,0,0,0,0,0,0,0,0,96,0,28,0,87,102,0,0,0,0,0,41,0,0,0,0,35,12,0,0,0,0,134,99,0,0,531,44,0,184,0,0,0,0,0,0,33,231,0,0,145,0,0,62,0,0,1,0,0,0,0,143,0,0,46,0,0,63,0,0,0,0,0,0,0,19,0,0,0,0,0,0,0,91,0,0,0,0,257,0,0,0,0,65,0,0,97,0,27,20,0,0,0,118,Echinodermata,1,Ophiuroidea,class,1,Amphilepidida,order,1,Ophiactidae,1,Ophiopholis,1,Ophiopholis_aculeata,1
0,0,0,0,0,0,0,0,0,0,0,0,0,0,0,0,0,0,0,0,0,0,0,0,0,0,0,0,0,0,0,0,0,0,125,36,0,0,91,33,71,0,0,39,0,62,0,0,0,75,0,0,0,0,0,0,0,0,0,0,83,167,0,178,85,0,0,0,65,0,0,143,199,0,0,0,0,98,0,0,100,118,0,0,0,131,0,155,62,0,0,0,0,0,35,0,0,0,212,0,0,0,0,0,101,73,0,0,0,0,0,0,109,0,0,0,0,0,0,0,0,0,0,22,0,0,46,0,0,42,0,0,0,0,0,0,97,0,0,0,0,187,0,0,0,0,27,0,0,0,0,0,Echinodermata,1,Ophiuroidea,class,1,Amphilepidida,order,1,Ophiactidae,1,Ophiopholis,1,Ophiopholis_aculeata,1
0,0,0,0,0,0,0,0,0,0,0,0,0,0,0,0,0,0,0,0,0,0,0,0,0,0,0,0,0,0,0,0,0,0,0,0,0,0,0,0,0,0,0,0,0,0,0,0,0,0,0,0,0,0,0,0,0,0,0,0,0,0,0,0,0,0,0,0,0,0,0,0,0,0,0,0,2842,0,0,0,0,0,0,0,0,0,0,0,0,0,0,0,0,0,0,0,0,0,0,0,0,0,0,0,0,0,0,0,0,0,0,0,0,0,0,0,0,0,0,0,0,0,0,0,0,0,0,0,0,0,0,0,0,0,0,0,0,0,0,0,0,0,0,0,0,0,0,0,0,0,0,0,Mollusca,1,Gastropoda,class,1,Nudibranchia,order,1,Coryphellidae,1,Coryphella,1,Coryphella_verrucosa,1
0,0,0,0,0,0,0,0,0,0,0,0,0,0,0,0,0,0,0,0,0,0,0,0,0,0,0,0,0,0,0,0,375,0,0,0,386,392,0,0,0,0,0,0,0,0,0,0,0,0,0,0,0,0,0,0,0,0,345,0,324,0,0,0,0,0,0,0,0,0,0,0,0,370,0,0,344,0,0,0,0,0,0,0,0,0,0,0,0,0,0,0,0,0,0,0,0,0,0,0,0,0,0,0,0,0,0,0,0,0,0,0,0,0,0,0,0,0,0,0,0,0,0,0,0,0,0,0,0,0,0,0,0,0,0,0,0,0,0,0,0,0,0,0,0,0,0,0,0,0,0,0,Chlorophyta,0.99,Mamiellophyceae,class,0.99,Mamiellales,order,0.99,Mamiellaceae,0.99,Micromonas_green_algae,0.99,Micromonas_pusilla,0.99
0,0,0,0,0,0,0,0,0,0,0,0,0,0,137,58,0,0,0,0,0,0,0,0,0,0,0,0,0,0,0,0,0,0,0,0,0,0,0,0,0,0,0,0,0,0,0,197,340,0,384,0,418,0,0,86,42,0,0,0,0,0,0,0,0,0,0,0,0,0,0,0,0,0,0,0,0,0,0,0,0,0,0,0,0,0,0,0,0,0,0,0,0,0,36,0,0,0,0,0,0,176,109,345,0,0,0,0,0,0,0,0,0,0,0,0,0,0,0,0,0,0,0,0,0,0,0,0,0,0,0,0,0,0,0,0,0,0,27,0,0,0,0,0,0,0,0,0,0,0,0,0,Annelida,1,Polychaeta,class,1,Terebellida,order,1,Ampharetidae,1,Sabellides,1,Sabellides_octocirrata,1
0,0,0,0,0,0,0,0,0,0,0,0,129,105,0,0,0,0,0,3,0,0,0,57,696,1362,0,0,0,0,0,0,0,0,0,0,0,0,0,0,0,0,0,0,0,0,0,0,0,0,0,0,0,0,0,0,0,0,0,0,0,0,0,0,0,0,0,0,0,0,0,0,0,0,0,0,0,0,0,0,0,0,0,0,0,0,0,0,0,0,0,0,0,0,0,0,0,0,0,0,0,0,0,0,0,0,0,0,0,0,0,0,0,0,0,0,0,0,0,0,0,0,0,0,0,0,0,0,0,0,0,0,0,0,0,0,0,0,0,0,0,0,0,0,0,0,0,0,0,0,0,0,Cnidaria,1,Hydrozoa,class,1,Trachymedusae,order,1,Rhopalonematidae,1,Pantachogon,1,Pantachogon_haeckeli,1
0,0,0,0,0,0,0,0,0,0,0,0,0,0,0,0,0,0,0,0,0,0,0,0,0,0,0,250,17,108,0,54,0,8,2,2,28,21,172,46,0,2,0,0,0,0,0,0,0,153,0,0,0,0,0,0,0,0,85,99,147,32,17,0,0,0,0,0,27,5,0,0,0,46,35,38,0,70,142,36,229,191,160,0,0,0,0,17,0,0,0,0,0,0,0,0,0,0,0,0,0,0,0,0,0,0,0,0,0,10,0,0,0,0,0,46,0,0,0,0,0,0,0,9,0,0,0,0,0,0,0,0,0,0,0,0,0,0,0,0,0,0,0,0,0,0,0,4,0,0,0,27,Bryozoa,1,Gymnolaemata,class,1,Cheilostomatida,order,1,Bugulidae,1,Dendrobeania,1,Dendrobeania_murrayana,1
0,0,0,0,0,0,0,0,0,0,0,0,0,0,0,0,0,0,0,0,0,0,0,0,0,0,0,21,17,79,69,85,0,0,22,18,0,0,63,24,0,0,0,56,0,0,0,0,0,24,0,0,0,0,0,0,0,0,0,44,0,31,51,0,0,41,14,20,0,0,0,0,28,112,44,16,111,185,364,148,51,33,0,0,0,0,0,57,18,0,0,0,0,0,0,0,0,0,24,0,0,0,0,0,0,0,0,0,0,0,0,0,0,10,74,0,0,0,0,38,0,0,0,0,0,0,0,0,0,0,0,124,0,0,0,21,0,0,35,0,0,0,0,0,0,0,0,0,0,43,0,0,Echinodermata,1,Echinoidea,class,1,Camarodonta,order,1,Strongylocentrotidae,1,Strongylocentrotus,1,Strongylocentrotus_droebachiensis,1
0,0,0,0,0,0,0,0,0,0,0,0,0,0,0,0,0,0,0,0,0,0,0,0,0,0,0,0,0,0,0,0,0,0,0,0,0,0,0,0,0,0,0,0,0,0,0,0,0,0,0,0,0,0,0,0,0,0,0,0,0,0,0,0,0,0,0,0,0,0,0,0,0,0,0,0,0,0,0,0,0,0,0,0,0,0,0,0,0,0,0,0,0,0,0,0,0,54,0,0,77,14,21,0,0,87,17,7,4,0,13,0,0,0,0,0,0,0,0,0,0,0,0,0,0,0,0,0,0,0,0,0,0,0,0,203,94,27,78,98,34,343,0,480,441,0,0,0,0,0,0,0,Annelida,1,Polychaeta,class,1,Terebellida,order,1,Flabelligeridae,1,Brada,1,Brada_villosa_CMC01,1
0,0,0,0,0,0,0,0,0,0,0,0,0,0,0,0,0,0,0,0,0,0,0,0,0,0,92,0,0,105,89,148,43,75,96,73,54,84,0,29,9,29,0,0,0,7,0,0,0,9,0,0,0,0,0,0,2,0,68,39,61,16,23,9,9,102,8,0,10,0,0,11,0,31,25,50,189,37,41,8,10,42,17,10,18,14,0,7,18,0,0,0,0,0,0,0,0,0,5,0,0,0,0,0,0,0,0,0,0,18,12,0,15,0,37,18,12,0,0,0,0,17,19,16,13,10,16,0,0,0,0,13,8,0,0,0,0,0,0,0,0,0,11,0,0,0,0,3,0,5,0,0,Chlorophyta,1,Mamiellophyceae,class,1,Mamiellales,order,1,Mamiellaceae,1,Micromonas_green_algae,1,Micromonas_pusilla,1
0,0,0,0,0,0,0,0,0,0,0,0,0,0,0,0,0,0,0,0,0,0,0,0,0,0,0,0,0,0,0,0,0,0,0,0,0,0,0,0,0,0,0,0,0,0,0,0,0,0,0,0,0,0,0,0,0,0,0,0,0,0,0,0,0,0,0,0,0,0,0,0,0,0,0,0,0,0,0,0,0,0,0,0,0,0,0,0,0,0,0,0,0,0,0,38,0,0,0,0,0,1945,0,0,0,0,0,0,0,0,0,0,0,0,0,0,0,0,0,0,0,0,0,0,0,0,0,0,0,0,0,0,0,0,0,0,0,0,0,27,0,0,0,0,0,0,0,0,0,0,0,0,Annelida,1,Polychaeta,class,1,Terebellida,order,1,Terebellidae,1,Neoamphitrite,1,Neoamphitrite_affinis,1
0,0,0,0,0,0,0,0,0,0,0,0,0,0,0,0,0,0,0,0,0,0,0,0,0,0,0,0,0,0,0,0,0,0,0,0,0,0,0,0,0,0,0,6,0,0,0,0,0,2,0,0,0,0,0,0,0,0,0,0,0,0,0,3,0,0,0,2,0,0,0,0,0,0,3,0,0,0,0,0,0,0,0,0,0,0,0,0,0,0,0,2,0,0,0,5,77,11,0,0,0,232,192,200,229,354,219,0,0,0,0,0,0,9,0,0,0,6,12,0,0,0,0,3,0,0,0,0,0,0,0,0,0,0,0,17,33,43,64,46,55,75,0,59,30,0,0,0,0,0,0,0,Echinodermata,1,Ophiuroidea,class,1,Amphilepidida,order,1,Ophiuridae,1,Ophiura,1,Ophiura_sarsii,1
0,0,0,0,0,0,0,0,0,0,0,0,0,0,0,0,0,0,0,0,0,0,0,0,0,0,63,30,0,27,0,17,12,22,12,18,11,5,33,9,10,37,0,38,0,19,0,0,0,30,0,0,0,0,0,0,0,0,0,14,19,3,18,0,9,37,21,5,9,13,12,39,56,0,0,18,147,3,28,24,44,13,38,13,32,11,0,26,0,46,0,0,0,19,0,0,13,0,38,39,0,0,0,0,0,93,0,30,0,7,20,42,0,0,0,0,25,0,4,0,0,17,0,15,0,0,0,0,37,26,30,2,38,7,0,22,44,0,0,24,13,39,11,0,27,0,15,69,0,50,16,27,Mollusca,1,Bivalvia,class,1,Galeommatida,order,1,Montacutidae,1,Kurtiella,1,Kurtiella_bidentata,1
0,0,0,0,0,0,0,0,0,0,0,0,0,0,0,0,0,0,0,0,0,0,0,0,0,0,0,0,0,0,0,0,0,0,0,0,0,0,0,0,0,0,0,0,0,0,0,0,0,0,0,0,0,0,0,0,0,0,0,0,0,0,0,0,0,0,0,0,0,0,0,0,0,0,0,0,0,0,0,0,0,0,0,0,0,0,0,0,0,0,0,0,0,0,0,0,0,66,0,75,0,432,217,148,0,97,244,0,0,0,0,0,0,0,0,0,0,0,0,0,0,0,0,0,0,0,0,0,0,0,0,0,0,0,0,0,100,101,0,144,0,0,0,0,206,0,0,0,0,0,0,0,Annelida,1,Polychaeta,class,1,Terebellida,order,1,Terebellidae,1,Proclea,1,Proclea_malmgreni,1
0,0,0,0,0,0,0,0,0,0,0,0,0,0,0,0,0,0,0,0,0,0,0,0,0,0,0,0,0,0,0,0,0,0,13,0,0,16,0,0,0,0,0,37,135,105,0,0,0,0,0,0,0,0,0,0,0,0,0,0,0,0,0,0,0,0,0,0,0,0,0,0,0,0,0,0,0,0,0,0,0,0,0,0,0,0,0,0,0,0,0,0,0,0,100,161,397,0,0,27,79,0,0,0,131,0,0,0,0,0,67,0,0,0,0,0,31,0,14,0,0,17,0,0,0,0,0,0,0,28,0,0,42,9,0,31,0,0,0,0,0,114,0,38,95,0,21,50,0,54,0,0,Annelida,1,Polychaeta,class,1,undef_Polychaeta,order,1,Orbiniidae,1,Scoloplos,1,Scoloplos_acutus,1
0,0,0,0,0,0,0,0,0,0,0,0,0,0,0,0,0,0,0,0,0,0,0,0,0,0,0,0,0,0,0,0,0,0,0,0,0,0,0,0,0,0,0,46,0,0,0,0,0,8,0,0,0,0,0,0,0,0,0,0,0,0,0,0,0,0,0,39,0,0,0,0,0,0,0,0,0,0,0,0,0,0,21,0,0,0,0,14,0,0,0,84,0,0,0,134,525,0,0,0,0,0,0,0,93,0,0,0,0,0,42,0,0,0,0,0,0,0,0,0,0,0,0,0,0,33,0,0,0,0,0,0,0,0,0,0,0,0,0,58,0,9,0,0,697,0,0,0,0,0,0,0,Annelida,1,Polychaeta,class,1,Spionida,order,1,Spionidae,1,Laonice,1,Laonice_cirrata,1
0,0,0,0,0,0,0,0,0,0,0,0,0,0,0,0,0,0,0,0,0,0,0,0,0,0,0,0,0,0,0,0,0,0,0,0,41,0,0,86,0,0,0,0,0,0,0,0,0,6,0,0,0,0,0,0,0,0,0,0,0,0,0,0,0,0,0,0,0,0,0,0,0,0,0,0,0,0,0,0,29,0,103,212,92,0,0,0,0,0,0,0,0,0,0,0,0,0,36,25,0,0,0,0,38,0,37,0,0,0,0,0,0,0,0,31,0,0,104,0,0,0,0,22,47,0,0,0,0,336,0,0,0,0,0,0,0,0,0,0,0,0,0,0,0,0,0,0,0,0,0,547,Annelida,1,Polychaeta,class,1,Terebellida,order,1,Terebellidae,1,Thelepus,1,Thelepus_cincinnatus,1
0,0,0,0,0,0,0,0,0,0,0,0,0,0,0,0,0,0,0,0,0,0,0,0,0,0,0,0,0,0,0,0,0,0,0,0,0,0,0,0,0,0,0,0,0,0,0,0,0,0,0,0,0,0,0,0,0,0,0,0,0,0,0,0,0,0,0,0,0,0,0,0,0,0,0,0,0,0,0,4,0,0,0,0,0,0,0,0,0,0,0,0,47,0,24,34,0,192,0,102,196,0,0,0,116,440,211,40,0,0,0,0,0,0,0,0,0,0,0,0,0,0,0,0,0,0,0,0,0,0,0,0,0,0,0,0,75,91,0,40,0,0,0,41,23,0,0,0,35,41,15,0,Annelida,0.99,Polychaeta,class,0.99,undef_Polychaeta,order,0.99,Maldanidae,0.99,Clymenella,0.99,Clymenella_zonalis,0.99
0,0,0,0,0,0,0,0,0,0,0,0,0,0,0,0,0,0,0,0,0,0,0,0,0,0,0,0,0,0,0,0,0,0,0,0,0,0,0,0,0,0,0,0,0,0,0,0,0,0,0,0,0,0,1742,0,0,0,0,0,0,0,0,0,0,0,0,0,0,0,0,0,0,0,0,0,0,0,0,0,0,0,0,0,0,0,0,0,0,0,0,0,0,0,0,0,0,0,0,0,0,0,0,0,0,0,0,0,0,0,0,0,0,0,0,0,0,0,0,0,0,0,0,0,0,0,0,0,0,0,0,0,0,0,0,0,0,0,0,0,0,0,0,0,0,0,0,0,0,0,0,0,Echinodermata,0.99,Ophiuroidea,class,0.99,Amphilepidida,order,0.99,Amphiuridae,0.98,Amphiura,0.98,Amphiura_joubini,0.98
0,0,0,0,0,0,0,0,0,0,0,0,0,0,18,18,0,0,0,0,0,0,0,0,0,0,0,0,20,7,0,0,16,0,3,0,0,0,31,0,49,0,0,0,0,0,0,0,0,0,0,0,0,0,0,0,0,0,0,0,0,0,0,49,0,0,0,0,0,0,0,0,29,141,76,0,0,14,0,0,0,33,71,116,0,9,0,0,43,16,0,0,0,0,0,0,0,0,0,0,142,0,194,0,128,0,0,0,0,4,0,0,0,0,35,74,0,110,0,0,0,0,0,0,0,6,0,0,0,0,0,66,0,0,0,0,0,130,0,0,25,0,35,0,0,0,0,0,33,0,0,0,Chordata,1,Actinopteri,class,1,Scombriformes,order,1,Scombridae,1,Scomber,1,Scomber_scombrus,1
0,0,0,0,0,0,0,0,0,0,0,0,0,0,0,0,0,0,0,0,0,0,0,0,0,0,0,26,72,0,0,0,0,13,23,0,0,38,33,0,0,25,0,31,0,37,0,0,19,0,36,0,0,0,0,0,0,0,0,0,7,0,0,48,50,8,0,0,37,0,41,0,0,0,19,0,10,11,11,0,0,19,12,3,0,0,0,36,0,0,0,0,0,37,0,0,0,0,8,0,0,0,0,0,0,122,88,0,0,0,0,0,0,0,62,0,29,0,17,0,11,11,0,0,8,0,0,0,0,0,0,70,155,92,89,0,0,0,0,0,0,53,0,26,0,0,33,0,52,0,14,0,Echinodermata,1,Asteroidea,class,1,Velatida,order,1,Solasteridae,1,Solaster,1,Solaster_endeca,1
0,13,0,0,53,0,7,160,0,0,0,0,0,0,0,0,0,0,9,0,33,0,0,0,0,0,0,10,0,0,0,14,19,15,13,0,0,0,15,0,0,23,0,0,0,0,0,0,0,22,0,8,0,13,5,0,0,0,0,8,0,0,35,0,0,12,0,0,0,28,169,0,77,73,0,0,0,80,0,0,0,26,44,0,14,0,0,0,17,0,0,32,0,0,0,0,0,11,0,0,62,0,0,0,104,0,0,30,0,0,0,0,0,0,0,84,9,0,0,46,0,0,5,0,0,0,0,0,0,18,53,0,0,0,0,0,13,103,0,0,0,0,0,0,0,0,0,0,24,20,0,0,Chordata,1,Mammalia,class,1,Primates,order,1,Hominidae,1,Homo,1,Homo_sapiens,1
0,0,0,0,0,0,0,0,0,0,0,0,0,0,0,1516,0,0,0,0,0,0,0,0,0,0,0,0,0,0,0,0,0,0,0,0,0,0,0,0,0,0,0,0,0,0,0,0,0,0,0,0,0,0,0,0,0,0,0,0,0,0,0,0,0,0,0,0,0,0,0,0,0,0,0,0,0,0,0,0,0,0,0,0,0,0,0,0,0,0,0,0,0,0,0,0,0,0,0,0,0,0,0,0,0,0,0,0,0,0,0,0,0,0,0,0,0,0,0,0,0,0,0,0,0,0,0,0,0,0,0,0,0,0,0,0,0,0,0,0,0,0,0,0,0,0,0,0,0,0,0,0,Arthropoda,1,Hexanauplia,class,1,Calanoida,order,1,Clausocalanidae,1,Pseudocalanus,1,Pseudocalanus_moultoni,1
0,0,0,0,0,0,0,0,0,0,0,0,0,0,0,0,0,0,0,0,0,0,0,0,0,0,0,0,0,0,0,0,0,0,0,0,11,0,0,0,0,0,0,0,0,0,0,0,0,0,0,0,0,0,0,0,0,0,0,0,0,0,0,0,0,1397,0,0,0,0,0,0,0,0,0,0,0,0,0,0,0,0,0,0,0,0,0,0,0,0,0,0,0,0,0,0,0,0,0,0,0,0,0,0,0,0,0,0,0,0,0,0,0,0,0,0,0,0,0,0,0,0,0,0,0,0,0,0,0,0,0,0,0,66,0,0,0,0,0,0,0,0,0,0,0,0,0,0,0,0,0,0,Arthropoda,1,Hexanauplia,class,1,Calanoida,order,1,Clausocalanidae,1,Pseudocalanus,1,Pseudocalanus_newmani,1
0,0,0,0,0,0,0,0,0,0,0,0,0,0,69,0,0,0,0,44,30,0,0,0,0,0,371,0,0,42,0,0,0,0,0,0,0,0,0,0,0,0,0,0,0,0,0,0,0,153,0,0,0,0,0,0,0,0,59,7,0,0,0,0,0,181,0,23,0,0,0,0,0,140,10,0,106,0,0,156,0,0,0,0,11,13,0,0,0,0,0,0,0,0,0,0,4,0,0,0,0,0,0,0,0,0,0,0,0,11,0,0,0,0,0,0,0,0,0,0,0,0,0,0,0,0,0,0,0,0,0,0,0,0,0,0,0,0,0,0,0,0,0,0,0,0,0,0,0,35,0,0,Arthropoda,1,Hexanauplia,class,1,Cyclopoida,order,1,Oithonidae,1,Oithona,1,Oithona_similis,1
0,0,0,0,0,0,0,0,0,0,0,0,0,0,0,0,0,0,0,0,0,0,0,0,0,0,21,195,5,55,118,89,0,7,10,2,0,0,228,0,6,0,0,0,0,0,0,0,0,160,0,0,0,0,0,0,0,0,45,56,44,0,0,0,0,0,0,0,0,0,0,0,0,74,61,63,0,0,15,0,43,57,54,0,0,0,0,0,0,8,0,0,0,0,0,0,0,0,6,0,0,0,0,0,0,0,0,0,0,0,0,0,0,0,12,0,0,0,0,0,0,0,0,0,0,0,10,0,0,0,0,0,0,0,0,0,0,0,0,0,0,0,0,0,0,0,0,0,0,0,0,0,Cnidaria,1,Hydrozoa,class,1,Leptothecata,order,1,Obeliidae,1,Obelia,1,Obelia_geniculata,1
0,0,0,0,0,0,0,0,0,0,0,0,0,0,0,0,0,0,0,0,0,0,0,0,0,0,0,0,0,0,0,0,0,178,0,0,0,0,0,0,0,0,0,0,0,0,0,0,0,0,0,0,0,0,0,0,0,0,0,0,0,0,0,0,0,0,0,0,0,0,0,0,0,0,0,0,0,0,0,0,0,0,0,0,0,0,0,0,0,0,0,0,0,0,0,0,0,0,0,0,0,0,0,0,0,0,0,0,0,0,0,0,0,0,0,0,0,0,0,0,0,0,0,0,0,0,0,0,0,1208,0,0,0,0,0,0,0,0,0,0,0,0,0,0,0,0,0,0,0,0,0,0,Arthropoda,1,Hexanauplia,class,1,Calanoida,order,1,Clausocalanidae,1,Pseudocalanus,1,Pseudocalanus_moultoni,1
0,0,0,0,0,0,0,0,0,0,0,0,0,0,0,0,0,0,0,0,0,0,0,0,0,0,0,108,13,72,41,60,17,0,2,4,8,3,50,14,7,11,0,0,0,0,0,0,0,65,0,0,0,0,0,0,0,0,36,22,15,0,2,0,4,0,0,0,10,14,25,4,0,54,35,74,5,31,26,101,37,28,15,5,0,0,0,9,0,0,0,0,0,0,0,0,0,0,2,0,0,0,0,0,0,0,0,0,0,0,0,0,0,0,39,97,86,0,12,0,0,0,0,15,12,0,0,0,0,0,0,0,0,0,0,0,0,0,0,0,0,0,0,0,0,0,4,14,0,4,0,17,Rhodophyta,1,Florideophyceae,class,1,Ceramiales,order,1,Ceramiaceae,1,Ptilota,1,Ptilota_serrata,1
0,0,0,0,0,0,0,0,0,0,0,0,0,0,0,0,0,0,0,0,0,0,0,0,0,0,0,0,0,0,0,0,0,0,0,0,0,0,0,0,0,0,0,0,0,0,0,0,0,0,0,0,0,0,0,0,0,0,0,0,0,0,0,0,0,240,0,0,0,0,0,0,0,0,279,0,245,0,0,0,0,0,0,0,0,0,0,0,0,0,0,0,0,0,0,0,0,0,0,0,0,0,0,0,0,0,0,0,0,0,0,0,0,0,0,0,0,0,0,0,0,0,0,0,0,0,0,0,0,0,0,0,0,558,0,0,0,0,0,0,0,0,0,0,0,0,0,0,0,0,0,0,Arthropoda,1,Hexanauplia,class,1,Calanoida,order,1,Clausocalanidae,1,Pseudocalanus,1,Pseudocalanus_newmani,1
0,0,0,0,0,0,0,0,0,0,0,0,0,0,0,0,0,0,0,0,0,0,0,0,0,0,0,81,0,12,22,35,0,0,0,0,0,8,44,0,0,0,0,0,0,0,0,0,0,37,0,0,0,0,0,0,0,0,150,150,158,13,16,4,0,0,0,0,53,38,64,18,7,28,21,56,4,5,23,5,8,0,0,0,0,10,0,11,0,0,0,0,4,0,0,0,0,0,4,0,11,0,0,0,0,0,0,0,0,6,0,0,0,0,0,0,0,44,55,11,0,0,0,0,0,0,0,0,0,0,0,0,0,0,0,0,0,0,0,0,0,0,0,0,0,0,16,0,6,0,0,24,Cnidaria,1,Hydrozoa,class,1,Leptothecata,order,1,Campanulariidae,1,Orthopyxis,1,Orthopyxis_integra,1
0,0,0,0,0,0,0,0,0,0,0,0,586,558,0,0,0,0,0,0,0,0,0,0,92,0,0,0,0,0,0,0,0,0,0,0,0,0,0,0,0,0,0,0,0,0,0,0,0,0,0,0,0,0,0,0,0,0,0,0,0,0,0,0,0,0,0,0,0,0,0,0,0,0,0,0,0,0,0,0,0,0,0,0,0,0,0,0,0,0,0,0,0,0,0,0,0,0,0,0,0,0,0,0,0,0,0,0,0,0,0,0,0,0,0,0,0,0,0,0,0,0,0,0,0,0,0,0,0,0,0,0,0,0,0,0,0,0,0,0,0,0,0,0,0,0,0,0,0,0,0,0,Cnidaria,1,Hydrozoa,class,1,Trachymedusae,order,1,Halicreatidae,1,Botrynema,1,Botrynema_brucei,1
0,0,0,0,0,0,0,0,0,0,0,0,0,0,0,0,0,0,0,0,0,0,0,0,0,0,0,0,0,0,0,0,0,0,0,0,0,0,0,0,0,0,0,0,0,0,0,0,0,0,0,61,0,0,0,0,0,0,0,0,0,0,0,0,0,0,0,0,0,0,0,0,0,0,0,0,0,0,0,12,0,0,0,0,0,0,0,0,0,0,0,0,0,0,0,34,0,0,0,0,0,41,0,106,0,0,94,0,0,0,0,0,0,0,0,0,0,0,0,0,0,0,0,0,0,0,0,0,0,0,0,0,0,0,7,0,85,0,181,185,114,94,0,108,101,0,0,0,0,0,0,0,Echinodermata,1,Asteroidea,class,1,Paxillosida,order,1,Ctenodiscidae,1,Ctenodiscus,1,Ctenodiscus_crispatus,1
0,0,0,0,0,0,0,0,0,0,0,0,0,0,0,0,0,0,0,0,0,0,0,0,0,0,0,0,0,8,0,0,0,0,0,0,0,0,0,0,0,0,0,0,0,0,0,0,0,0,0,0,0,0,0,0,0,0,0,0,0,0,0,0,3,0,0,0,0,0,0,0,0,10,0,0,0,0,0,0,0,0,0,0,0,0,0,18,0,0,0,0,0,0,0,0,0,0,0,0,0,0,0,0,246,251,117,0,0,0,0,16,0,136,0,0,0,67,0,0,0,0,0,0,0,0,0,0,0,0,17,0,137,33,125,0,0,0,0,0,0,29,0,0,0,0,0,0,0,0,0,0,Annelida,1,Polychaeta,class,1,Terebellida,order,1,Terebellidae,1,Nicolea,1,Nicolea_zostericola,1
0,0,0,0,0,0,0,0,0,0,0,0,0,0,0,0,0,0,0,0,0,0,0,0,0,0,0,0,0,0,0,0,0,0,0,0,0,0,0,0,99,260,0,90,0,0,0,0,0,0,0,53,0,0,0,0,0,0,0,0,0,0,0,0,0,0,0,0,0,0,0,0,0,94,0,0,0,0,0,0,0,0,0,0,0,0,0,0,0,0,0,0,0,0,0,52,0,0,0,139,0,0,0,0,0,0,0,0,0,0,0,47,128,0,0,52,0,0,0,0,0,0,0,0,0,0,0,0,0,101,0,0,0,0,0,0,0,0,0,0,0,79,0,0,0,0,0,0,0,0,0,0,Cnidaria,1,Hydrozoa,class,1,Anthoathecata,order,1,Pandeidae,1,Catablema,1,Catablema_vesicarium,1
0,0,0,0,0,0,0,0,0,0,0,0,0,1169,0,0,0,0,0,0,0,0,0,0,0,0,0,0,0,0,0,0,0,0,0,0,0,0,0,0,0,0,0,0,0,0,0,0,0,0,0,0,0,0,0,0,0,0,0,0,0,0,0,0,0,0,0,0,0,0,0,0,0,0,0,0,0,0,0,0,0,0,0,0,0,0,0,0,0,0,0,0,0,0,0,0,0,0,0,0,0,0,0,0,0,0,0,0,0,0,0,0,0,0,0,0,0,0,0,0,0,0,0,0,0,0,0,0,0,0,0,0,0,0,0,0,0,0,0,0,0,0,0,0,0,0,0,0,0,0,0,0,Chordata,1,Actinopteri,class,1,Myctophiformes,order,1,Myctophidae,1,Benthosema,1,Benthosema_glaciale,1
0,0,0,0,0,0,0,0,0,0,0,0,0,0,0,0,0,0,0,0,0,0,0,0,0,0,0,0,0,0,0,0,0,0,0,0,0,0,0,0,0,0,0,37,0,34,0,0,0,0,0,0,0,0,0,0,0,0,0,0,0,0,0,0,0,0,0,0,0,0,0,0,0,0,0,0,0,0,0,0,0,0,0,0,0,0,0,0,0,0,0,83,0,0,12,226,0,49,0,72,100,0,0,0,74,0,0,108,44,0,16,26,0,0,0,0,0,0,0,21,0,0,0,0,0,29,0,0,71,29,52,0,0,0,0,0,0,0,0,0,27,0,0,32,0,0,0,0,0,0,0,0,Cnidaria,1,Hydrozoa,class,1,Anthoathecata,order,0.99,Eudendriidae,0.99,Eudendrium,0.99,Eudendrium_rameum,0.99
0,0,0,0,0,0,0,0,0,0,0,0,0,0,548,498,0,0,0,3,0,0,0,0,0,0,0,0,25,0,0,0,0,0,0,0,0,0,0,0,0,0,0,0,0,0,0,0,0,0,0,0,0,0,0,0,0,0,0,0,0,0,0,0,0,0,0,5,0,0,0,0,0,0,0,0,0,0,0,0,0,0,0,0,0,0,0,0,0,0,0,0,9,0,0,0,0,0,0,0,4,0,0,0,0,0,0,0,0,0,0,0,0,0,0,0,0,0,0,0,0,0,0,0,0,0,0,0,13,0,7,0,0,0,0,0,0,0,0,0,0,0,0,0,0,0,0,0,0,0,0,0,Chlorophyta,1,Mamiellophyceae,class,1,Mamiellales,order,1,Mamiellaceae,1,Micromonas_green_algae,1,Micromonas_pusilla,1
0,0,0,0,0,0,0,0,0,0,0,0,0,0,0,0,0,0,0,0,0,0,0,0,0,0,0,0,28,0,0,18,0,0,0,0,0,2,0,10,3,0,0,4,35,28,0,0,0,6,0,0,0,0,0,0,0,0,0,0,0,8,5,6,35,0,16,53,0,26,24,0,12,0,0,0,0,0,0,0,0,12,4,10,0,0,0,32,6,0,0,0,61,13,0,0,0,11,8,0,0,0,0,0,0,0,0,0,0,5,0,32,9,38,13,16,11,25,0,0,10,11,0,8,0,0,0,0,19,62,80,55,20,23,20,0,0,0,0,0,0,0,8,0,0,0,3,26,0,13,7,0,Echinodermata,1,Asteroidea,class,1,Forcipulatida,order,1,Asteriidae,1,Leptasterias,1,Leptasterias_polaris,1
0,0,0,0,0,0,0,0,0,0,0,0,0,0,0,0,0,0,0,0,0,0,0,0,0,0,0,0,0,0,0,0,0,0,0,0,0,0,0,0,0,0,0,0,0,0,0,0,0,0,0,0,0,0,0,0,0,0,0,209,0,0,0,0,0,0,0,0,0,0,0,0,0,0,0,0,368,0,0,0,0,0,0,0,0,0,0,0,0,0,0,0,0,0,0,0,0,0,0,0,0,0,0,0,0,0,0,0,0,0,0,0,0,0,0,0,0,0,0,0,0,0,0,0,0,0,0,0,0,0,0,0,0,0,0,0,0,0,0,0,0,0,0,0,0,0,0,0,0,0,0,412,Arthropoda,1,Hexanauplia,class,1,Calanoida,order,1,Clausocalanidae,1,Pseudocalanus,1,Pseudocalanus_newmani,1
0,0,0,0,0,0,0,0,0,0,0,0,0,0,0,0,0,0,0,0,0,0,0,0,0,0,0,0,0,8,0,0,0,0,0,0,0,0,0,0,36,0,0,0,0,0,0,0,0,0,0,0,0,0,0,0,0,0,0,0,0,0,0,0,0,0,0,33,115,26,50,10,10,0,0,0,0,0,16,0,0,0,0,104,0,0,0,55,0,0,0,0,0,15,0,0,0,0,0,0,0,0,0,0,0,0,0,0,0,0,0,0,0,0,0,0,0,0,6,0,14,4,0,4,7,0,0,0,0,156,0,124,0,0,0,0,0,0,0,0,0,0,0,0,0,0,25,84,0,3,0,36,Chordata,1,Ascidiacea,class,1,Stolidobranchia,order,1,Pyuridae,1,Halocynthia,1,Halocynthia_pyriformis,1
0,0,0,0,0,0,0,0,0,0,0,0,0,0,0,0,0,0,0,0,0,0,0,0,0,0,0,0,0,0,0,0,0,0,0,0,0,0,0,0,0,0,0,0,0,0,0,0,0,0,0,0,0,0,0,0,0,0,0,0,0,0,0,0,0,0,0,0,0,0,0,0,0,0,0,0,0,0,0,0,0,0,0,0,0,0,0,0,0,0,0,0,0,0,0,0,0,0,0,0,0,0,0,0,0,0,0,0,0,0,0,939,0,0,0,0,0,0,0,0,0,0,0,0,0,0,0,0,0,0,0,0,0,0,0,0,0,0,0,0,0,0,0,0,0,0,0,0,0,0,0,0,Annelida,1,Polychaeta,class,1,Terebellida,order,1,Terebellidae,1,Nicolea,1,Nicolea_zostericola,1
0,0,0,0,0,0,0,0,0,0,0,0,0,0,0,0,0,0,0,0,0,0,0,0,0,0,0,0,0,0,0,0,0,0,0,0,0,0,0,0,0,0,0,0,0,0,0,0,0,0,0,0,0,0,0,0,0,0,0,0,0,0,0,0,0,0,0,0,0,0,0,0,0,0,0,0,0,0,0,0,0,0,0,0,0,0,0,0,0,0,0,0,0,0,0,0,0,0,0,0,0,0,0,0,0,0,131,0,0,0,0,0,0,0,0,0,0,0,0,0,0,0,0,0,0,0,0,0,0,0,0,0,792,0,0,0,0,0,0,0,0,0,0,0,0,0,0,0,0,0,0,0,Annelida,1,Polychaeta,class,1,Terebellida,order,1,Terebellidae,1,Nicolea,1,Nicolea_zostericola,1
0,0,0,0,0,0,0,0,0,0,0,0,0,0,0,0,0,0,0,0,0,0,0,0,0,0,0,0,0,0,0,0,0,0,0,0,0,0,0,0,0,0,0,0,0,0,0,0,0,0,0,0,0,0,0,0,0,0,0,0,0,0,0,0,0,0,0,0,0,0,0,0,0,0,0,0,0,0,0,0,0,0,0,0,0,0,0,0,0,0,0,0,0,0,192,318,100,0,0,0,0,0,0,0,0,0,0,0,0,0,0,0,0,0,0,0,0,0,0,0,0,0,0,0,0,0,0,0,0,0,0,0,0,0,0,0,0,0,0,0,23,165,0,69,44,0,0,0,0,0,0,0,Annelida,1,Polychaeta,class,1,Terebellida,order,1,Sternaspidae,1,Sternaspis,1,Sternaspis_scutata,1
0,0,0,0,0,0,0,0,0,0,0,0,0,0,138,0,0,0,0,0,0,0,0,0,0,0,0,0,0,0,0,0,0,0,0,0,0,0,0,0,0,0,0,0,0,0,0,97,146,0,249,0,0,0,0,0,57,0,0,0,0,0,0,0,0,0,0,0,0,0,0,0,0,0,0,0,0,0,0,0,0,0,0,0,0,0,0,0,0,0,0,0,0,0,0,0,0,0,0,0,0,0,0,117,16,0,0,0,0,0,0,0,0,0,0,0,0,0,0,0,0,0,0,0,0,0,0,0,0,0,0,0,0,0,0,0,0,0,0,0,89,0,0,0,0,0,0,0,0,0,0,0,Annelida,1,Polychaeta,class,1,Terebellida,order,1,Ampharetidae,1,Sabellides,1,Sabellides_octocirrata,1
0,0,0,0,0,0,0,0,0,0,0,0,0,0,0,0,0,0,0,0,0,0,0,0,0,0,0,0,0,0,0,0,0,0,0,0,0,0,0,0,0,0,0,0,0,0,0,50,61,0,85,151,170,0,0,120,229,0,0,0,0,0,0,0,0,0,0,0,0,0,0,0,0,0,0,0,0,0,0,0,0,0,0,0,0,0,0,0,0,0,0,0,0,0,0,0,0,0,0,0,0,0,0,0,0,0,0,0,0,0,0,0,0,0,0,0,0,0,0,0,0,0,0,0,0,0,0,0,0,0,0,0,0,0,0,0,0,0,0,0,0,0,0,0,21,0,0,0,0,0,0,0,Annelida,1,Polychaeta,class,1,Terebellida,order,1,Trichobranchidae,1,Terebellides,1,Terebellides_stroemii_CMC01,1
0,0,0,0,0,0,0,0,0,0,0,0,0,0,0,0,0,0,0,0,0,0,0,0,0,0,0,124,0,0,0,0,0,0,0,0,0,41,0,0,0,0,0,0,0,0,0,0,0,0,0,0,0,0,0,0,0,0,0,0,0,0,0,168,0,0,0,0,0,0,0,0,0,0,0,0,0,0,0,0,0,0,0,0,0,0,0,126,0,0,0,0,0,0,0,0,0,0,0,0,0,0,0,0,81,0,0,0,0,0,0,181,0,0,0,0,0,0,0,109,0,0,0,0,0,0,0,0,0,0,0,0,0,0,0,0,0,0,0,0,0,0,0,0,0,0,0,55,0,0,0,0,Echinodermata,1,Ophiuroidea,class,1,Amphilepidida,order,1,Ophiactidae,1,Ophiopholis,1,Ophiopholis_aculeata,1
0,0,0,0,0,0,0,0,0,0,0,0,0,0,0,0,0,0,0,0,0,0,0,0,0,0,0,0,0,0,0,0,0,0,0,0,0,0,0,0,0,0,0,0,0,0,0,71,78,0,148,63,52,103,0,69,212,0,0,0,0,0,0,0,0,0,0,0,0,0,0,0,0,0,0,0,0,0,0,0,0,0,0,0,0,0,0,0,0,0,0,0,0,0,0,0,0,0,0,0,0,0,64,0,0,0,0,0,0,0,0,0,0,0,0,0,0,0,0,0,0,0,0,0,0,0,0,0,0,0,0,0,0,0,0,0,0,0,0,0,0,0,0,0,0,0,0,0,0,0,0,0,Annelida,1,Polychaeta,class,1,Terebellida,order,1,Trichobranchidae,1,Terebellides,1,Terebellides_stroemii_CMC01,1
0,0,0,0,0,0,0,0,0,0,0,0,0,0,0,0,0,0,0,0,0,0,0,0,0,0,0,0,0,0,0,0,0,0,0,0,0,0,0,0,0,0,0,0,0,8,0,0,0,0,0,0,0,0,0,27,0,0,0,0,0,0,0,0,0,0,0,0,0,0,0,11,0,0,0,0,0,0,0,0,0,0,0,0,0,0,0,0,0,0,0,0,0,0,84,90,554,0,0,0,0,0,0,0,0,0,0,0,0,0,0,0,0,0,0,0,0,0,0,0,0,0,0,0,0,0,0,0,0,0,0,0,0,0,0,11,0,0,0,0,0,5,0,0,62,0,0,0,0,0,0,0,Chordata,1,Mammalia,class,1,Artiodactyla,order,1,Phocoenidae,1,Phocoena,1,Phocoena_phocoena,1
0,0,0,0,0,0,0,0,0,0,0,0,0,0,0,0,0,0,0,0,0,0,0,0,0,0,0,0,0,0,0,0,0,4,0,0,0,0,0,0,0,0,0,0,0,0,0,0,0,0,0,0,0,0,0,0,0,0,0,0,0,0,0,0,0,0,0,0,0,0,0,0,0,0,0,0,0,0,0,0,0,0,0,0,0,0,0,0,0,0,0,0,779,0,0,0,0,0,0,0,0,0,0,0,0,0,0,0,0,0,0,0,0,0,0,4,0,0,0,0,0,0,0,0,0,0,0,0,0,0,0,0,0,0,0,0,0,0,0,0,0,0,0,0,0,0,0,0,48,0,0,0,Mollusca,1,Bivalvia,class,1,Adapedonta,order,1,Hiatellidae,1,Cyrtodaria,1,Cyrtodaria_siliqua,1
0,0,0,0,0,0,0,0,0,0,0,0,0,0,0,0,0,0,0,0,0,0,0,0,0,0,0,0,0,0,0,0,0,0,0,0,0,0,0,0,0,0,0,0,0,0,0,93,121,0,147,0,0,85,41,0,0,0,0,0,0,0,0,0,0,0,0,0,0,0,0,0,0,0,0,0,0,0,0,0,0,0,0,0,0,0,0,0,0,0,0,0,0,0,0,0,0,0,0,0,0,0,145,124,0,0,0,0,0,0,0,0,0,0,0,0,0,0,0,0,0,0,0,0,0,0,0,0,0,0,0,0,0,0,0,0,0,0,0,0,41,0,0,0,0,0,0,0,0,0,0,0,Annelida,1,Polychaeta,class,1,Terebellida,order,1,Ampharetidae,1,Sabellides,1,Sabellides_octocirrata,1
0,0,0,0,0,0,0,0,0,0,0,0,0,0,0,0,0,0,0,0,0,0,0,0,0,0,0,0,0,0,0,0,0,0,0,0,0,0,0,0,0,0,0,0,0,0,0,0,0,769,0,0,0,0,0,0,0,0,0,0,0,0,0,0,0,0,0,0,0,0,0,0,0,0,0,0,0,0,0,0,0,0,0,0,0,0,0,0,0,0,0,0,0,0,0,0,0,0,0,0,0,0,0,0,0,0,0,0,0,0,0,0,0,0,0,0,0,0,0,0,0,0,0,0,0,0,0,0,0,0,0,0,0,0,0,0,0,0,0,0,0,0,0,0,0,0,0,0,0,0,0,0,Echinodermata,1,Ophiuroidea,class,1,Amphilepidida,order,1,Ophiactidae,1,Ophiopholis,1,Ophiopholis_aculeata,1
0,0,0,0,0,0,0,0,0,0,0,0,0,0,0,0,0,0,0,0,0,0,0,0,0,0,0,0,0,0,0,0,0,0,0,0,0,0,0,0,0,0,0,0,0,0,0,0,0,0,0,0,0,0,0,0,0,0,0,0,0,0,0,0,0,0,0,0,0,0,0,0,0,0,0,0,0,758,0,0,0,0,0,0,0,0,0,0,0,0,0,0,0,0,0,0,0,0,0,0,0,0,0,0,0,0,0,0,0,0,0,0,0,0,0,0,0,0,0,0,0,0,0,0,0,0,0,0,0,0,0,0,0,0,0,0,0,0,0,0,0,0,0,0,0,0,0,0,0,0,0,0,Mollusca,1,Bivalvia,class,1,Mytilida,order,1,Mytilidae,1,Modiolus,1,Modiolus_modiolus,1
0,0,0,0,0,0,0,0,0,0,0,0,0,0,0,0,0,0,0,0,0,0,0,0,0,0,0,19,23,0,0,6,0,0,9,0,14,0,0,0,14,0,0,0,5,0,0,0,0,0,0,0,0,0,5,0,0,0,0,0,15,0,0,5,9,9,0,0,14,6,6,27,11,23,24,0,0,7,30,5,22,0,13,0,6,26,0,0,0,25,0,20,0,0,0,0,0,0,3,0,0,0,0,0,0,0,0,0,44,0,60,0,0,12,12,0,0,0,0,0,0,0,0,0,0,0,0,0,3,9,0,2,29,5,0,0,0,0,0,0,10,0,8,0,4,0,4,12,0,52,9,49,Mollusca,1,Bivalvia,class,1,Adapedonta,order,1,Hiatellidae,1,Cyrtodaria,1,Cyrtodaria_siliqua,1
0,0,0,0,0,0,0,0,0,0,0,0,0,0,0,0,0,0,0,0,0,0,0,0,0,0,0,0,0,0,0,0,0,0,0,0,0,0,0,0,0,0,0,0,0,0,0,0,0,0,0,0,0,0,0,0,0,0,0,0,0,0,0,0,0,0,0,0,0,0,0,0,0,0,0,0,0,686,0,7,18,0,0,0,0,0,0,0,0,0,0,0,0,0,0,0,0,0,0,0,0,0,0,0,0,0,0,0,0,0,0,0,0,0,0,0,0,0,0,0,0,0,0,0,0,0,0,0,0,0,0,0,0,0,0,0,0,0,0,0,0,0,0,0,0,0,0,0,0,0,0,0,Cnidaria,1,Hydrozoa,class,1,Leptothecata,order,0.99,Lafoeidae,0.98,Lafoea,0.98,Lafoea_dumosa,0.98
0,0,0,0,0,0,0,0,0,0,0,0,0,0,0,0,0,0,0,0,0,0,0,0,0,0,30,73,0,0,33,23,0,0,0,0,0,0,53,0,0,0,0,0,0,0,0,0,0,91,0,0,0,0,0,0,0,0,29,34,24,13,12,4,0,0,0,0,0,0,3,0,0,36,0,17,57,16,0,0,0,19,26,0,0,0,0,4,0,0,0,0,0,0,0,0,0,0,0,0,0,0,0,0,0,0,0,0,0,0,0,0,0,0,0,0,0,0,0,0,0,0,0,0,0,0,0,0,0,0,0,0,0,0,0,0,0,0,63,0,0,0,0,0,0,0,0,43,0,0,0,7,Cnidaria,1,Hydrozoa,class,1,Leptothecata,order,1,Obeliidae,1,Obelia,1,Obelia_geniculata,1
0,0,0,0,0,0,0,0,0,0,0,0,0,0,0,0,0,0,0,0,0,0,0,0,0,0,0,0,365,0,65,0,0,0,0,34,0,0,0,0,60,0,0,0,0,0,0,0,0,0,0,0,0,0,0,0,0,0,0,0,0,0,0,0,0,0,0,0,0,0,0,0,0,0,0,0,0,0,0,0,0,0,0,0,0,0,0,0,0,0,0,0,0,0,0,0,0,0,0,0,0,0,0,0,0,0,0,0,0,0,0,0,0,0,0,0,0,0,0,0,0,0,0,0,0,0,0,0,0,0,0,0,0,0,0,0,0,0,0,0,0,0,0,0,0,0,81,86,0,0,0,0,Annelida,1,Polychaeta,class,1,Terebellida,order,1,Terebellidae,1,Thelepus,1,Thelepus_cincinnatus,1
0,0,0,0,0,0,0,0,0,0,0,0,0,0,0,0,0,0,0,0,0,0,0,0,0,0,0,0,0,0,0,0,0,0,0,0,0,0,0,0,0,0,0,0,0,0,0,0,0,0,0,0,0,0,0,0,0,0,0,0,0,0,0,0,0,0,0,0,0,0,0,0,0,0,0,0,0,0,0,0,0,0,0,0,0,0,0,0,0,0,0,0,0,0,0,0,0,309,0,337,19,0,0,0,0,0,0,0,0,0,0,0,0,0,0,0,0,0,0,0,0,19,0,0,0,0,0,0,0,0,0,0,0,0,0,0,0,0,0,0,0,0,0,0,0,0,0,0,0,0,0,0,Cnidaria,1,Anthozoa,class,1,Alcyonacea,order,1,Nephtheidae,1,Gersemia,1,Gersemia_rubiformis,1
0,0,0,0,0,0,0,0,0,0,0,0,0,0,0,0,0,0,0,0,0,0,0,0,0,0,0,0,0,0,0,0,0,0,0,0,0,0,0,0,0,0,0,0,0,0,0,0,0,0,0,0,0,0,0,0,0,0,0,0,0,0,0,0,0,0,0,19,0,0,0,47,0,0,0,0,0,0,0,0,0,11,15,0,0,0,0,0,0,15,0,0,0,36,0,0,0,115,0,0,20,0,0,0,0,0,67,63,0,0,0,0,0,78,0,0,4,0,0,0,0,15,0,0,0,0,0,0,0,0,19,0,0,0,0,0,0,0,0,0,0,0,0,86,54,0,0,0,0,18,0,0,Echinodermata,1,Holothuroidea,class,1,Dendrochirotida,order,1,Phyllophoridae,1,Pentamera,1,Pentamera_calcigera,1
0,0,0,0,0,0,0,0,0,0,0,0,0,0,0,0,0,0,0,0,0,0,0,0,0,0,0,0,0,0,0,0,0,0,0,0,0,0,0,0,0,0,0,0,0,0,0,0,0,0,0,0,0,0,0,0,0,0,0,0,0,0,0,0,0,0,0,0,0,0,0,0,0,0,0,0,0,0,0,0,0,0,0,0,0,0,0,0,0,0,0,0,0,0,0,0,0,487,0,49,98,0,0,0,0,0,0,0,0,0,0,0,0,0,0,0,0,0,0,0,0,0,0,0,0,0,0,0,0,0,0,0,0,0,0,0,0,0,0,0,0,0,0,46,0,0,0,0,0,0,0,0,Echinodermata,1,Ophiuroidea,class,1,Amphilepidida,order,1,Ophiactidae,1,Ophiopholis,1,Ophiopholis_aculeata,1
