species,percentID,Sample.1,Sample.10,Sample.11,Sample.12,Sample.13,Sample.14,Sample.15,Sample.16,Sample.17,Sample.18,Sample.19,Sample.2,Sample.20,Sample.21,Sample.22,Sample.23,Sample.24,Sample.25,Sample.26,Sample.27,Sample.28,Sample.29,Sample.3,Sample.30,Sample.31,Sample.32,Sample.33,Sample.34,Sample.35,Sample.36,Sample.37,Sample.38,Sample.39,Sample.4,Sample.40,Sample.41,Sample.42,Sample.43,Sample.44,Sample.45,Sample.46,Sample.47,Sample.48,Sample.49,Sample.5,Sample.50,Sample.51,Sample.52,Sample.53,Sample.54,Sample.55,Sample.56,Sample.57,Sample.58,Sample.59,Sample.6,Sample.60,Sample.61,Sample.62,Sample.63,Sample.64,Sample.65,Sample.66,Sample.67,Sample.68,Sample.69,Sample.7,Sample.70,Sample.71,Sample.72,Sample.73,Sample.74,Sample.75,Sample.76,Sample.77,Sample.78,Sample.79,Sample.8,Sample.80,Sample.81,Sample.82,Sample.83,Sample.84,Sample.85,Sample.86,Sample.87,Sample.88,Sample.89,Sample.9,Sample.90,Sample.91
Sebastes fasciatus,99.405,0,0,0,0,0,0,0,0,0,0,0,0,0,0,0,0,0,0,0,0,0,0,0,0,0,0,0,0,0,0,0,0,0,0,0,0,0,0,0,0,0,0,0,0,0,0,0,0,0,0,0,0,0,0,0,0,0,0,0,0,0,0,0,0,0,0,0,0,0,1914,0,0,0,6673,0,0,0,0,0,0,0,0,0,721,0,0,0,0,0,0,0
Sebastes viviparus,99.405,0,0,0,0,0,0,0,0,0,0,0,0,0,0,0,0,0,0,0,0,0,0,0,0,0,0,0,0,0,0,0,0,0,0,0,0,0,0,0,0,0,0,0,0,0,0,0,0,0,0,0,0,0,0,0,0,0,0,0,0,0,0,0,0,0,0,0,0,0,3428,0,0,0,4442,0,0,0,0,0,0,0,0,0,592,0,0,0,0,0,0,0
Sebastes fasciatus,99.405,0,0,0,0,0,0,0,0,0,0,0,0,0,0,0,0,0,0,0,0,0,0,0,0,0,0,0,0,0,0,0,0,0,0,0,0,0,0,0,0,0,0,0,0,0,0,0,0,0,0,0,0,0,0,0,0,0,0,0,0,0,0,0,0,0,0,0,0,0,0,0,0,0,6236,0,0,0,0,0,0,0,0,0,0,0,0,0,0,0,0,0
Sebastes fasciatus,100,0,0,0,0,0,0,0,0,0,0,0,0,0,0,0,0,0,0,0,0,21414,0,0,0,0,3,0,0,0,0,0,0,0,0,0,0,0,0,0,0,0,0,0,0,0,0,0,0,0,0,0,0,0,0,0,0,0,0,0,0,0,0,0,0,0,0,0,0,0,788025,0,0,0,1683734,0,0,0,0,0,0,0,0,0,282143,0,0,0,0,0,0,8
Sebastes fasciatus,99.405,0,0,0,0,0,0,0,0,0,0,0,0,0,0,0,0,0,0,0,0,0,0,0,0,0,0,0,0,0,0,0,0,0,0,0,0,0,0,0,0,0,0,0,0,0,0,0,0,0,0,0,0,0,0,0,0,0,0,0,0,0,0,0,0,0,0,0,0,0,3110,0,0,0,8146,0,0,0,0,0,0,0,0,0,1027,0,0,0,0,0,0,0
Sebastes fasciatus,99.405,0,0,0,0,0,0,0,0,0,0,0,0,0,0,0,0,0,0,0,0,0,0,0,0,0,0,0,0,0,0,0,0,0,0,0,0,0,0,0,0,0,0,0,0,0,0,0,0,0,0,0,0,0,0,0,0,0,0,0,0,0,0,0,0,0,0,0,0,0,2526,0,0,0,4552,0,0,0,0,0,0,0,0,0,1287,0,0,0,0,0,0,0
Sebastes fasciatus,99.405,0,0,0,0,0,0,0,0,0,0,0,0,0,0,0,0,0,0,0,0,0,0,0,0,0,0,0,0,0,0,0,0,0,0,0,0,0,0,0,0,0,0,0,0,0,0,0,0,0,0,0,0,0,0,0,0,0,0,0,0,0,0,0,0,0,0,0,0,0,14987,0,0,0,4163,0,0,0,0,0,0,0,0,0,645,0,0,0,0,0,0,0
Sebastes fasciatus,99.405,0,0,0,0,0,0,0,0,0,0,0,0,0,0,0,0,0,0,0,0,0,0,0,0,0,0,0,0,0,0,0,0,0,0,0,0,0,0,0,0,0,0,0,0,0,0,0,0,0,0,0,0,0,0,0,0,0,0,0,0,0,0,0,0,0,0,0,0,0,2947,0,0,0,6865,0,0,0,0,0,0,0,0,0,656,0,0,0,0,0,0,0
Sebastes fasciatus,99.405,0,0,0,0,0,0,0,0,0,0,0,0,0,0,0,0,0,0,0,0,0,0,0,0,0,0,0,0,0,0,0,0,0,0,0,0,0,0,0,0,0,0,0,0,0,0,0,0,0,0,0,0,0,0,0,0,0,0,0,0,0,0,0,0,0,0,0,0,0,8976,0,0,0,3912,0,0,0,0,0,0,0,0,0,656,0,0,0,0,0,0,0
Sebastes fasciatus,99.405,0,0,0,0,0,0,0,0,0,0,0,0,0,0,0,0,0,0,0,0,0,0,0,0,0,0,0,0,0,0,0,0,0,0,0,0,0,0,0,0,0,0,0,0,0,0,0,0,0,0,0,0,0,0,0,0,0,0,0,0,0,0,0,0,0,0,0,0,0,2299,0,0,0,5127,0,0,0,0,0,0,0,0,0,1009,0,0,0,0,0,0,0
Sebastes fasciatus,99.405,0,0,0,0,0,0,0,0,0,0,0,0,0,0,0,0,0,0,0,0,0,0,0,0,0,0,0,0,0,0,0,0,0,0,0,0,0,0,0,0,0,0,0,0,0,0,0,0,0,0,0,0,0,0,0,0,0,0,0,0,0,0,0,0,0,0,0,0,0,2269,0,0,0,4971,0,0,0,0,0,0,0,0,0,938,0,0,0,0,0,0,0
Sebastes fasciatus,99.405,0,0,0,0,0,0,0,0,0,0,0,0,0,0,0,0,0,0,0,0,0,0,0,0,0,0,0,0,0,0,0,0,0,0,0,0,0,0,0,0,0,0,0,0,0,0,0,0,0,0,0,0,0,0,0,0,0,0,0,0,0,0,0,0,0,0,0,0,0,2728,0,0,0,7041,0,0,0,0,0,0,0,0,0,1085,0,0,0,0,0,0,0
Sebastes fasciatus,99.405,0,0,0,0,0,0,0,0,0,0,0,0,0,0,0,0,0,0,0,0,0,0,0,0,0,0,0,0,0,0,0,0,0,0,0,0,0,0,0,0,0,0,0,0,0,0,0,0,0,0,0,0,0,0,0,0,0,0,0,0,0,0,0,0,0,0,0,0,0,1820,0,0,0,27635,0,0,0,0,0,0,0,0,0,678,0,0,0,0,0,0,0
Sebastes fasciatus,99.405,0,0,0,0,0,0,0,0,0,0,0,0,0,0,0,0,0,0,0,0,0,0,0,0,0,0,0,0,0,0,0,0,0,0,0,0,0,0,0,0,0,0,0,0,0,0,0,0,0,0,0,0,0,0,0,0,0,0,0,0,0,0,0,0,0,0,0,0,0,2711,0,0,0,4687,0,0,0,0,0,0,0,0,0,763,0,0,0,0,0,0,0
Sebastes fasciatus,99.405,0,0,0,0,0,0,0,0,0,0,0,0,0,0,0,0,0,0,0,0,0,0,0,0,0,0,0,0,0,0,0,0,0,0,0,0,0,0,0,0,0,0,0,0,0,0,0,0,0,0,0,0,0,0,0,0,0,0,0,0,0,0,0,0,0,0,0,0,0,1710,0,0,0,4624,0,0,0,0,0,0,0,0,0,950,0,0,0,0,0,0,0
Sebastes fasciatus,99.405,0,0,0,0,0,0,0,0,0,0,0,0,0,0,0,0,0,0,0,0,0,0,0,0,0,0,0,0,0,0,0,0,0,0,0,0,0,0,0,0,0,0,0,0,0,0,0,0,0,0,0,0,0,0,0,0,0,0,0,0,0,0,0,0,0,0,0,0,0,270,0,0,0,632,0,0,0,0,0,0,0,0,0,6538,0,0,0,0,0,0,0
Sebastes fasciatus,99.405,0,0,0,0,0,0,0,0,0,0,0,0,0,0,0,0,0,0,0,0,0,0,0,0,0,0,0,0,0,0,0,0,0,0,0,0,0,0,0,0,0,0,0,0,0,0,0,0,0,0,0,0,0,0,0,0,0,0,0,0,0,0,0,0,0,0,0,0,0,2011,0,0,0,5394,0,0,0,0,0,0,0,0,0,2190,0,0,0,0,0,0,0
Sebastes fasciatus,99.405,0,0,0,0,0,0,0,0,0,0,0,0,0,0,0,0,0,0,0,0,0,0,0,0,0,0,0,0,0,0,0,0,0,0,0,0,0,0,0,0,0,0,0,0,0,0,0,0,0,0,0,0,0,0,0,0,0,0,0,0,0,0,0,0,0,0,0,0,0,4130,0,0,0,6856,0,0,0,0,0,0,0,0,0,1177,0,0,0,0,0,0,0
Sebastes fasciatus,99.405,0,0,0,0,0,0,0,0,0,0,0,0,0,0,0,0,0,0,0,0,0,0,0,0,0,0,0,0,0,0,0,0,0,0,0,0,0,0,0,0,0,0,0,0,0,0,0,0,0,0,0,0,0,0,0,0,0,0,0,0,0,0,0,0,0,0,0,0,0,2224,0,0,0,5413,0,0,0,0,0,0,0,0,0,800,0,0,0,0,0,0,0
Sebastes fasciatus,99.405,0,0,0,0,0,0,0,0,0,0,0,0,0,0,0,0,0,0,0,0,0,0,0,0,0,0,0,0,0,0,0,0,0,0,0,0,0,0,0,0,0,0,0,0,0,0,0,0,0,0,0,0,0,0,0,0,0,0,0,0,0,0,0,0,0,0,0,0,0,1526,0,0,0,4887,0,0,0,0,0,0,0,0,0,560,0,0,0,0,0,0,0
Sebastes fasciatus,99.405,0,0,0,0,0,0,0,0,0,0,0,0,0,0,0,0,0,0,0,0,0,0,0,0,0,0,0,0,0,0,0,0,0,0,0,0,0,0,0,0,0,0,0,0,0,0,0,0,0,0,0,0,0,0,0,0,0,0,0,0,0,0,0,0,0,0,0,0,0,2472,0,0,0,6620,0,0,0,0,0,0,0,0,0,1172,0,0,0,0,0,0,0
Sebastes fasciatus,99.405,0,0,0,0,0,0,0,0,0,0,0,0,0,0,0,0,0,0,0,0,0,0,0,0,0,0,0,0,0,0,0,0,0,0,0,0,0,0,0,0,0,0,0,0,0,0,0,0,0,0,0,0,0,0,0,0,0,0,0,0,0,0,0,0,0,0,0,0,0,3170,0,0,0,3545,0,0,0,0,0,0,0,0,0,897,0,0,0,0,0,0,0
Sebastes fasciatus,99.405,0,0,0,0,0,0,0,0,0,0,0,0,0,0,0,0,0,0,0,0,0,0,0,0,0,0,0,0,0,0,0,0,0,0,0,0,0,0,0,0,0,0,0,0,0,0,0,0,0,0,0,0,0,0,0,0,0,0,0,0,0,0,0,0,0,0,0,0,0,1911,0,0,0,5218,0,0,0,0,0,0,0,0,0,1011,0,0,0,0,0,0,0
Sebastes fasciatus,99.405,0,0,0,0,0,0,0,0,0,0,0,0,0,0,0,0,0,0,0,0,0,0,0,0,0,0,0,0,0,0,0,0,0,0,0,0,0,0,0,0,0,0,0,0,0,0,0,0,0,0,0,0,0,0,0,0,0,0,0,0,0,0,0,0,0,0,0,0,0,1311,0,0,0,5005,0,0,0,0,0,0,0,0,0,505,0,0,0,0,0,0,0
Sebastes fasciatus,99.405,0,0,0,0,0,0,0,0,0,0,0,0,0,0,0,0,0,0,0,0,0,0,0,0,0,0,0,0,0,0,0,0,0,0,0,0,0,0,0,0,0,0,0,0,0,0,0,0,0,0,0,0,0,0,0,0,0,0,0,0,0,0,0,0,0,0,0,0,0,2344,0,0,0,5912,0,0,0,0,0,0,0,0,0,808,0,0,0,0,0,0,0
Sebastes fasciatus,99.405,0,0,0,0,0,0,0,0,0,0,0,0,0,0,0,0,0,0,0,0,0,0,0,0,0,0,0,0,0,0,0,0,0,0,0,0,0,0,0,0,0,0,0,0,0,0,0,0,0,0,0,0,0,0,0,0,0,0,0,0,0,0,0,0,0,0,0,0,0,2051,0,0,0,7027,0,0,0,0,0,0,0,0,0,831,0,0,0,0,0,0,0
Sebastes fasciatus,99.405,0,0,0,0,0,0,0,0,0,0,0,0,0,0,0,0,0,0,0,0,0,0,0,0,0,0,0,0,0,0,0,0,0,0,0,0,0,0,0,0,0,0,0,0,0,0,0,0,0,0,0,0,0,0,0,0,0,0,0,0,0,0,0,0,0,0,0,0,0,2240,0,0,0,8704,0,0,0,0,0,0,0,0,0,698,0,0,0,0,0,0,0
Sebastes fasciatus,99.405,0,0,0,0,0,0,0,0,0,0,0,0,0,0,0,0,0,0,0,0,0,0,0,0,0,0,0,0,0,0,0,0,0,0,0,0,0,0,0,0,0,0,0,0,0,0,0,0,0,0,0,0,0,0,0,0,0,0,0,0,0,0,0,0,0,0,0,0,0,2609,0,0,0,5424,0,0,0,0,0,0,0,0,0,839,0,0,0,0,0,0,0
Sebastes fasciatus,99.405,0,0,0,0,0,0,0,0,0,0,0,0,0,0,0,0,0,0,0,0,0,0,0,0,0,0,0,0,0,0,0,0,0,0,0,0,0,0,0,0,0,0,0,0,0,0,0,0,0,0,0,0,0,0,0,0,0,0,0,0,0,0,0,0,0,0,0,0,0,2491,0,0,0,6645,0,0,0,0,0,0,0,0,0,1020,0,0,0,0,0,0,0
Sebastes fasciatus,99.405,0,0,0,0,0,0,0,0,0,0,0,0,0,0,0,0,0,0,0,0,0,0,0,0,0,0,0,0,0,0,0,0,0,0,0,0,0,0,0,0,0,0,0,0,0,0,0,0,0,0,0,0,0,0,0,0,0,0,0,0,0,0,0,0,0,0,0,0,0,2163,0,0,0,3936,0,0,0,0,0,0,0,0,0,657,0,0,0,0,0,0,0
Sebastes fasciatus,99.405,0,0,0,0,0,0,0,0,0,0,0,0,0,0,0,0,0,0,0,0,0,0,0,0,0,0,0,0,0,0,0,0,0,0,0,0,0,0,0,0,0,0,0,0,0,0,0,0,0,0,0,0,0,0,0,0,0,0,0,0,0,0,0,0,0,0,0,0,0,1301,0,0,0,3799,0,0,0,0,0,0,0,0,0,446,0,0,0,0,0,0,0
Sebastes fasciatus,99.405,0,0,0,0,0,0,0,0,0,0,0,0,0,0,0,0,0,0,0,0,0,0,0,0,0,0,0,0,0,0,0,0,0,0,0,0,0,0,0,0,0,0,0,0,0,0,0,0,0,0,0,0,0,0,0,0,0,0,0,0,0,0,0,0,0,0,0,0,0,2294,0,0,0,5620,0,0,0,0,0,0,0,0,0,963,0,0,0,0,0,0,0
Sebastes fasciatus,99.405,0,0,0,0,0,0,0,0,0,0,0,0,0,0,0,0,0,0,0,0,0,0,0,0,0,0,0,0,0,0,0,0,0,0,0,0,0,0,0,0,0,0,0,0,0,0,0,0,0,0,0,0,0,0,0,0,0,0,0,0,0,0,0,0,0,0,0,0,0,2337,0,0,0,6624,0,0,0,0,0,0,0,0,0,1017,0,0,0,0,0,0,0
Sebastes fasciatus,99.405,0,0,0,0,0,0,0,0,0,0,0,0,0,0,0,0,0,0,0,0,195,0,0,0,0,0,0,0,0,0,0,0,0,0,0,0,0,0,0,0,0,0,0,0,0,0,0,0,0,0,0,0,0,0,0,0,0,0,0,0,0,0,0,0,0,0,0,0,0,1735,0,0,0,4082,0,0,0,0,0,0,0,0,0,1248,0,0,0,0,0,0,0
Sebastes fasciatus,99.405,0,0,0,0,0,0,0,0,0,0,0,0,0,0,0,0,0,0,0,0,0,0,0,0,0,0,0,0,0,0,0,0,0,0,0,0,0,0,0,0,0,0,0,0,0,0,0,0,0,0,0,0,0,0,0,0,0,0,0,0,0,0,0,0,0,0,0,0,0,2017,0,0,0,4976,0,0,0,0,0,0,0,0,0,629,0,0,0,0,0,0,0
Sebastes fasciatus,99.405,0,0,0,0,0,0,0,0,0,0,0,0,0,0,0,0,0,0,0,0,0,0,0,0,0,0,0,0,0,0,0,0,0,0,0,0,0,0,0,0,0,0,0,0,0,0,0,0,0,0,0,0,0,0,0,0,0,0,0,0,0,0,0,0,0,0,0,0,0,2856,0,0,0,6645,0,0,0,0,0,0,0,0,0,983,0,0,0,0,0,0,0
Sebastes fasciatus,99.405,0,0,0,0,0,0,0,0,0,0,0,0,0,0,0,0,0,0,0,0,0,0,0,0,0,0,0,0,0,0,0,0,0,0,0,0,0,0,0,0,0,0,0,0,0,0,0,0,0,0,0,0,0,0,0,0,0,0,0,0,0,0,0,0,0,0,0,0,0,3637,0,0,0,8044,0,0,0,0,0,0,0,0,0,1270,0,0,0,0,0,0,0
Sebastes fasciatus,99.405,0,0,0,0,0,0,0,0,0,0,0,0,0,0,0,0,0,0,0,0,0,0,0,0,0,0,0,0,0,0,0,0,0,0,0,0,0,0,0,0,0,0,0,0,0,0,0,0,0,0,0,0,0,0,0,0,0,0,0,0,0,0,0,0,0,0,0,0,0,2120,0,0,0,10691,0,0,0,0,0,0,0,0,0,828,0,0,0,0,0,0,0
Sebastes fasciatus,99.405,0,0,0,0,0,0,0,0,0,0,0,0,0,0,0,0,0,0,0,0,0,0,0,0,0,0,0,0,0,0,0,0,0,0,0,0,0,0,0,0,0,0,0,0,0,0,0,0,0,0,0,0,0,0,0,0,0,0,0,0,0,0,0,0,0,0,0,0,0,1288,0,0,0,3817,0,0,0,0,0,0,0,0,0,545,0,0,0,0,0,0,0
Sebastes fasciatus,99.405,0,0,0,0,0,0,0,0,0,0,0,0,0,0,0,0,0,0,0,0,0,0,0,0,0,0,0,0,0,0,0,0,0,0,0,0,0,0,0,0,0,0,0,0,0,0,0,0,0,0,0,0,0,0,0,0,0,0,0,0,0,0,0,0,0,0,0,0,0,2811,0,0,0,8670,0,0,0,0,0,0,0,0,0,833,0,0,0,0,0,0,0
Sebastes fasciatus,99.405,0,0,0,0,0,0,0,0,0,0,0,0,0,0,0,0,0,0,0,0,0,0,0,0,0,0,0,0,0,0,0,0,0,0,0,0,0,0,0,0,0,0,0,0,0,0,0,0,0,0,0,0,0,0,0,0,0,0,0,0,0,0,0,0,0,0,0,0,0,4049,0,0,0,10092,0,0,0,0,0,0,0,0,0,1493,0,0,0,0,0,0,0
Sebastes fasciatus,99.405,0,0,0,0,0,0,0,0,0,0,0,0,0,0,0,0,0,0,0,0,0,0,0,0,0,0,0,0,0,0,0,0,0,0,0,0,0,0,0,0,0,0,0,0,0,0,0,0,0,0,0,0,0,0,0,0,0,0,0,0,0,0,0,0,0,0,0,0,0,1641,0,0,0,3992,0,0,0,0,0,0,0,0,0,590,0,0,0,0,0,0,0
Sebastes fasciatus,99.405,0,0,0,0,0,0,0,0,0,0,0,0,0,0,0,0,0,0,0,0,0,0,0,0,0,0,0,0,0,0,0,0,0,0,0,0,0,0,0,0,0,0,0,0,0,0,0,0,0,0,0,0,0,0,0,0,0,0,0,0,0,0,0,0,0,0,0,0,0,2152,0,0,0,3348,0,0,0,0,0,0,0,0,0,390,0,0,0,0,0,0,0
Sebastes fasciatus,99.405,0,0,0,0,0,0,0,0,0,0,0,0,0,0,0,0,0,0,0,0,0,0,0,0,0,0,0,0,0,0,0,0,0,0,0,0,0,0,0,0,0,0,0,0,0,0,0,0,0,0,0,0,0,0,0,0,0,0,0,0,0,0,0,0,0,0,0,0,0,0,0,0,0,13015,0,0,0,0,0,0,0,0,0,690,0,0,0,0,0,0,0
Sebastes fasciatus,99.405,0,0,0,0,0,0,0,0,0,0,0,0,0,0,0,0,0,0,0,0,0,0,0,0,0,0,0,0,0,0,0,0,0,0,0,0,0,0,0,0,0,0,0,0,0,0,0,0,0,0,0,0,0,0,0,0,0,0,0,0,0,0,0,0,0,0,0,0,0,1341,0,0,0,3744,0,0,0,0,0,0,0,0,0,479,0,0,0,0,0,0,0
Sebastes fasciatus,99.405,0,0,0,0,0,0,0,0,0,0,0,0,0,0,0,0,0,0,0,0,0,0,0,0,0,0,0,0,0,0,0,0,0,0,0,0,0,0,0,0,0,0,0,0,0,0,0,0,0,0,0,0,0,0,0,0,0,0,0,0,0,0,0,0,0,0,0,0,0,1319,0,0,0,3662,0,0,0,0,0,0,0,0,0,696,0,0,0,0,0,0,0
Sebastes fasciatus,99.405,0,0,0,0,0,0,0,0,0,0,0,0,0,0,0,0,0,0,0,0,0,0,0,0,0,0,0,0,0,0,0,0,0,0,0,0,0,0,0,0,0,0,0,0,0,0,0,0,0,0,0,0,0,0,0,0,0,0,0,0,0,0,0,0,0,0,0,0,0,1973,0,0,0,6953,0,0,0,0,0,0,0,0,0,720,0,0,0,0,0,0,0
Sebastes fasciatus,99.405,0,0,0,0,0,0,0,0,0,0,0,0,0,0,0,0,0,0,0,0,0,0,0,0,0,0,0,0,0,0,0,0,0,0,0,0,0,0,0,0,0,0,0,0,0,0,0,0,0,0,0,0,0,0,0,0,0,0,0,0,0,0,0,0,0,0,0,0,0,1405,0,0,0,4996,0,0,0,0,0,0,0,0,0,1344,0,0,0,0,0,0,0
Sebastes fasciatus,99.405,0,0,0,0,0,0,0,0,0,0,0,0,0,0,0,0,0,0,0,0,0,0,0,0,0,0,0,0,0,0,0,0,0,0,0,0,0,0,0,0,0,0,0,0,0,0,0,0,0,0,0,0,0,0,0,0,0,0,0,0,0,0,0,0,0,0,0,0,0,1853,0,0,0,4060,0,0,0,0,0,0,0,0,0,621,0,0,0,0,0,0,0
Sebastes fasciatus,99.405,0,0,0,0,0,0,0,0,0,0,0,0,0,0,0,0,0,0,0,0,0,0,0,0,0,0,0,0,0,0,0,0,0,0,0,0,0,0,0,0,0,0,0,0,0,0,0,0,0,0,0,0,0,0,0,0,0,0,0,0,0,0,0,0,0,0,0,0,0,2882,0,0,0,7408,0,0,0,0,0,0,0,0,0,972,0,0,0,0,0,0,0
Sebastes fasciatus,99.405,0,0,0,0,0,0,0,0,0,0,0,0,0,0,0,0,0,0,0,0,0,0,0,0,0,0,0,0,0,0,0,0,0,0,0,0,0,0,0,0,0,0,0,0,0,0,0,0,0,0,0,0,0,0,0,0,0,0,0,0,0,0,0,0,0,0,0,0,0,2783,0,0,0,6029,0,0,0,0,0,0,0,0,0,901,0,0,0,0,0,0,0
Sebastes fasciatus,99.405,0,0,0,0,0,0,0,0,0,0,0,0,0,0,0,0,0,0,0,0,0,0,0,0,0,0,0,0,0,0,0,0,0,0,0,0,0,0,0,0,0,0,0,0,0,0,0,0,0,0,0,0,0,0,0,0,0,0,0,0,0,0,0,0,0,0,0,0,0,3273,0,0,0,5540,0,0,0,0,0,0,0,0,0,78635,0,0,0,0,0,0,0
Sebastes fasciatus,99.405,0,0,0,0,0,0,0,0,0,0,0,0,0,0,0,0,0,0,0,0,0,0,0,0,0,0,0,0,0,0,0,0,0,0,0,0,0,0,0,0,0,0,0,0,0,0,0,0,0,0,0,0,0,0,0,0,0,0,0,0,0,0,0,0,0,0,0,0,0,1214,0,0,0,10339,0,0,0,0,0,0,0,0,0,501,0,0,0,0,0,0,0
Clupea harengus,99.419,0,0,0,0,0,0,0,0,0,0,0,0,0,0,0,922,468,1341,0,0,0,895,0,705,0,0,0,0,0,0,0,0,0,0,0,0,0,0,0,0,0,0,0,0,0,0,0,386,0,0,0,666,0,0,0,0,0,0,0,0,0,466,0,0,0,0,187,0,0,0,0,0,0,0,0,0,0,0,0,0,0,0,0,0,0,0,0,0,0,0,0
Scomber scombrus,99.408,0,0,0,0,0,0,0,0,0,0,0,0,0,0,0,0,0,0,0,0,0,0,0,0,0,0,0,0,0,0,0,0,0,1286,0,0,3502,0,0,0,0,0,0,0,0,0,0,0,0,0,0,0,0,0,0,0,0,0,0,0,0,0,0,0,0,0,1026,0,0,0,0,0,0,0,0,0,0,0,0,0,0,0,0,0,892,0,0,0,571,0,0
Clupea harengus,99.419,0,0,0,0,0,0,0,0,0,0,0,0,0,0,0,5770,1348,3922,0,0,0,3160,0,1422,0,0,0,0,0,0,0,0,0,0,0,0,0,0,0,0,0,0,0,0,0,0,0,1396,0,0,0,2361,0,0,0,0,0,0,0,0,0,1920,0,0,0,0,0,0,0,1326,0,0,0,0,0,0,0,0,0,0,0,0,0,0,0,0,0,0,0,0,0
Tautogolabrus adspersus,99.412,1855,1219,0,0,0,0,0,0,0,0,0,3495,0,0,0,0,0,0,0,0,0,0,0,0,0,0,0,0,0,0,0,0,0,4157,0,0,0,0,1111,300,0,0,0,0,2679,0,324,613,0,0,0,0,0,0,0,0,0,0,0,0,0,0,0,0,0,0,0,0,0,0,0,0,0,0,0,0,0,0,0,0,0,0,0,0,0,388,0,0,0,0,0
Clupea harengus,99.419,0,0,0,0,0,0,0,0,0,0,0,0,0,0,0,1520,1607,4658,0,0,0,3561,0,1597,0,0,0,0,0,0,0,0,0,0,0,0,0,0,0,0,0,0,0,0,0,0,0,1602,0,0,0,2396,0,0,0,0,0,0,0,0,0,1412,0,0,0,0,414,0,0,1336,0,0,0,0,0,0,0,0,0,0,0,0,0,0,0,0,0,0,0,0,0
Tautogolabrus adspersus,99.412,782,561,0,0,0,0,0,0,0,0,0,1536,0,0,0,0,0,0,0,0,0,0,0,0,0,0,0,0,0,0,0,0,0,1843,0,0,0,0,554,150,0,0,0,0,1314,0,176,71,0,0,0,0,0,0,0,0,0,0,0,0,0,0,0,0,0,0,0,0,0,0,0,0,0,0,0,0,0,0,0,0,0,0,0,0,0,0,0,0,0,0,0
Clupea harengus,99.419,0,0,0,0,0,0,0,0,0,0,0,0,0,0,0,783,792,2400,0,0,0,1941,0,826,0,0,0,0,0,0,0,0,0,0,0,0,0,0,0,0,0,0,0,0,0,0,0,787,0,0,0,1271,0,0,0,0,0,0,0,0,0,781,0,0,0,0,197,0,0,0,0,0,0,0,0,0,0,0,0,0,0,0,0,0,0,0,0,0,0,0,0
Tautogolabrus adspersus,99.412,706,2208,0,0,0,0,0,0,0,0,0,1443,0,0,0,0,0,0,0,0,0,0,0,0,0,0,0,0,0,0,0,0,0,1847,0,0,0,0,391,107,0,0,0,0,1105,0,109,55,0,0,0,0,0,0,0,0,0,0,0,0,0,0,0,0,0,0,0,0,0,0,0,0,0,0,0,0,0,0,0,0,0,0,0,0,0,139,0,0,0,0,0
Tautogolabrus adspersus,99.412,1231,1113,0,0,0,0,0,0,0,0,0,2499,0,0,0,0,0,0,0,0,0,0,0,0,0,0,0,0,0,0,0,0,0,3475,0,0,0,0,840,209,0,0,0,0,2009,0,229,113,0,0,0,0,0,0,0,0,0,0,0,0,0,0,0,0,0,0,0,0,0,0,0,0,0,0,0,0,0,0,0,0,0,0,0,0,0,0,0,0,0,0,0
Tautogolabrus adspersus,99.412,869,501,0,0,0,0,0,0,0,0,0,1508,0,0,0,0,0,0,0,0,0,0,0,0,0,0,0,0,0,0,0,0,0,1562,0,0,0,0,461,173,0,0,0,0,3203,0,158,55,0,0,0,0,0,0,0,0,0,0,0,0,0,0,0,0,0,0,0,0,0,0,0,0,0,0,0,0,0,0,0,0,0,0,0,0,0,0,0,0,0,0,0
Tautogolabrus adspersus,99.412,1441,1005,0,0,0,0,0,0,0,0,0,2587,0,0,0,0,0,0,0,0,0,0,0,0,0,0,0,0,0,0,0,0,0,3179,0,0,0,0,903,261,0,0,0,0,2138,0,300,127,0,0,0,0,0,0,0,0,0,0,0,0,0,0,0,0,0,0,0,0,0,0,0,0,0,0,0,0,0,0,0,0,0,0,0,0,0,323,0,0,0,0,0
Tautogolabrus adspersus,99.412,1854,1305,0,0,0,0,0,0,0,0,0,3543,0,0,0,0,0,0,0,0,0,0,0,0,0,0,0,0,0,0,0,0,0,5111,0,0,0,0,1488,355,0,0,0,0,2938,0,374,146,0,0,0,0,0,0,0,0,0,0,0,0,0,0,0,0,0,0,0,0,0,0,0,0,0,0,0,0,0,0,0,0,0,0,0,0,0,0,0,0,0,0,0
Tautogolabrus adspersus,99.412,1037,783,0,0,0,0,0,0,0,0,0,2677,0,0,0,0,0,0,0,0,0,0,0,0,0,0,0,0,0,0,0,0,0,2242,0,0,0,0,620,173,0,0,0,0,1478,0,182,97,0,0,0,0,0,0,0,0,0,0,0,0,0,0,0,0,0,0,0,0,0,0,0,0,0,0,0,0,0,0,0,0,0,0,0,0,0,252,0,0,0,0,0
Tautogolabrus adspersus,99.412,754,577,0,0,0,0,0,0,0,0,0,1410,0,0,0,0,0,0,0,0,0,0,0,0,0,0,0,0,0,0,0,0,0,2407,0,0,0,0,472,150,0,0,0,0,1231,0,141,71,0,0,0,0,0,0,0,0,0,0,0,0,0,0,0,0,0,0,0,0,0,0,0,0,0,0,0,0,0,0,0,0,0,0,0,0,0,0,0,0,0,0,0
Tautogolabrus adspersus,99.412,1745,1220,0,0,0,0,0,0,0,0,0,3073,0,0,0,0,0,0,0,0,0,0,0,0,0,0,0,0,0,0,0,0,0,3871,0,0,0,0,1079,339,0,0,0,0,2585,0,325,137,0,0,0,0,0,0,0,0,0,0,0,0,0,0,0,0,0,0,0,0,0,0,0,0,0,0,0,0,0,0,0,0,0,0,0,0,0,449,0,0,0,0,0
Tautogolabrus adspersus,99.412,1553,1110,0,0,0,0,0,0,0,0,0,2799,0,0,0,0,0,0,0,0,0,0,0,0,0,0,0,0,0,0,0,0,0,3528,0,0,0,0,940,261,0,0,0,0,2500,0,306,144,0,0,0,0,0,0,0,0,0,0,0,0,0,0,0,0,0,0,0,0,0,0,0,0,0,0,0,0,0,0,0,0,0,0,0,0,0,315,0,0,0,0,0
Tautogolabrus adspersus,99.412,874,635,0,0,0,0,0,0,0,0,0,1573,0,0,0,0,0,0,0,0,0,0,0,0,0,0,0,0,0,0,0,0,0,1983,0,0,0,0,501,169,0,0,0,0,1290,0,161,83,0,0,0,0,0,0,0,0,0,0,0,0,0,0,0,0,0,0,0,0,0,0,0,0,0,0,0,0,0,0,0,0,0,0,0,0,0,229,0,0,0,0,0
Tautogolabrus adspersus,100,1320699,919885,3,15,7,0,0,0,62,0,6,2529890,0,0,0,0,0,0,0,0,0,0,0,2,0,3,0,0,0,0,0,2,0,3021833,0,0,0,0,890154,242171,0,0,0,0,2165707,0,273228,121103,0,0,0,0,0,0,0,0,4,0,0,0,0,3,0,0,0,0,0,0,0,0,0,0,0,0,0,0,0,0,0,0,0,0,0,0,4,340253,0,0,0,0,0
Tautogolabrus adspersus,100,23821,14719,0,0,0,0,0,0,0,0,0,39982,0,0,0,0,0,0,0,0,0,0,0,0,0,0,0,0,0,0,0,0,0,45753,0,0,0,0,13023,3654,0,0,0,0,34134,0,4259,1791,0,0,0,0,0,0,0,0,0,0,0,0,0,0,0,0,0,0,0,0,0,0,0,0,0,0,0,0,0,0,0,0,0,0,0,0,0,5072,0,0,0,0,0
Tautogolabrus adspersus,99.412,4924,3313,0,0,0,0,0,0,0,0,0,13498,0,0,0,0,0,0,0,0,0,0,0,0,0,0,0,0,0,0,0,0,0,11333,0,0,0,0,2922,706,0,0,0,0,11368,0,1322,504,0,0,0,0,0,0,0,0,0,0,0,0,0,0,0,0,0,0,0,0,0,0,0,0,0,0,0,0,0,0,0,0,0,0,0,0,0,1195,0,0,0,0,0
Tautogolabrus adspersus,99.412,4189,2380,0,0,0,0,0,0,0,0,0,8990,0,0,0,0,0,0,0,0,0,0,0,0,0,0,0,0,0,0,0,0,0,11090,0,0,0,0,2554,924,0,0,0,0,7848,0,720,326,0,0,0,0,0,0,0,0,0,0,0,0,0,0,0,0,0,0,0,0,0,0,0,0,0,0,0,0,0,0,0,0,0,0,0,0,0,854,0,0,0,0,0
Tautogolabrus adspersus,99.412,3278,26793,0,0,0,0,0,0,0,0,0,6272,0,0,0,0,0,0,0,0,0,0,0,0,0,0,0,0,0,0,0,0,0,8746,0,0,0,0,2121,540,0,0,0,0,5783,0,612,3080,0,0,0,0,0,0,0,0,0,0,0,0,0,0,0,0,0,0,0,0,0,0,0,0,0,0,0,0,0,0,0,0,0,0,0,0,0,718,0,0,0,0,0
Tautogolabrus adspersus,99.412,573,461,0,0,0,0,0,0,0,0,0,2955,0,0,0,0,0,0,0,0,0,0,0,0,0,0,0,0,0,0,0,0,0,1429,0,0,0,0,980,90,0,0,0,0,977,0,223,53,0,0,0,0,0,0,0,0,0,0,0,0,0,0,0,0,0,0,0,0,0,0,0,0,0,0,0,0,0,0,0,0,0,0,0,0,0,0,0,0,0,0,0
Tautogolabrus adspersus,99.412,3042,2035,0,0,0,0,0,0,0,0,0,6460,0,0,0,0,0,0,0,0,0,0,0,0,0,0,0,0,0,0,0,0,0,12878,0,0,0,0,1608,1589,0,0,0,0,5132,0,593,293,0,0,0,0,0,0,0,0,0,0,0,0,0,0,0,0,0,0,0,0,0,0,0,0,0,0,0,0,0,0,0,0,0,0,0,0,0,1147,0,0,0,0,0
Tautogolabrus adspersus,99.412,817,494,0,0,0,0,0,0,0,0,0,1195,0,0,0,0,0,0,0,0,0,0,0,0,0,0,0,0,0,0,0,0,0,1343,0,0,0,0,437,139,0,0,0,0,870,0,91,56,0,0,0,0,0,0,0,0,0,0,0,0,0,0,0,0,0,0,0,0,0,0,0,0,0,0,0,0,0,0,0,0,0,0,0,0,0,271,0,0,0,0,0
Tautogolabrus adspersus,99.412,3156,1291,0,0,0,0,0,0,0,0,0,4331,0,0,0,0,0,0,0,0,0,0,0,0,0,0,0,0,0,0,0,0,0,12420,0,0,0,0,1405,372,0,0,0,0,3148,0,554,214,0,0,0,0,0,0,0,0,0,0,0,0,0,0,0,0,0,0,0,0,0,0,0,0,0,0,0,0,0,0,0,0,0,0,0,0,0,528,0,0,0,0,0
Tautogolabrus adspersus,99.412,5077,4291,0,0,0,0,0,0,0,0,0,8725,0,0,0,0,0,0,0,0,0,0,0,0,0,0,0,0,0,0,0,0,0,13772,0,0,0,0,3781,1019,0,0,0,0,8115,0,1045,387,0,0,0,0,0,0,0,0,0,0,0,0,0,0,0,0,0,0,0,0,0,0,0,0,0,0,0,0,0,0,0,0,0,0,0,0,0,1339,0,0,0,0,0
Tautogolabrus adspersus,99.412,4547,2833,0,0,0,0,0,0,0,0,0,10774,0,0,0,0,0,0,0,0,0,0,0,0,0,0,0,0,0,0,0,0,0,9677,0,0,0,0,3499,752,0,0,0,0,7057,0,787,451,0,0,0,0,0,0,0,0,0,0,0,0,0,0,0,0,0,0,0,0,0,0,0,0,0,0,0,0,0,0,0,0,0,0,0,0,0,1364,0,0,0,0,0
Tautogolabrus adspersus,99.412,4220,3271,0,0,0,0,0,0,0,0,0,7035,0,0,0,0,0,0,0,0,0,0,0,0,0,0,0,0,0,0,0,0,0,7934,0,0,0,0,3098,550,0,0,0,0,5659,0,593,657,0,0,0,0,0,0,0,0,0,0,0,0,0,0,0,0,0,0,0,0,0,0,0,0,0,0,0,0,0,0,0,0,0,0,0,0,0,807,0,0,0,0,0
Tautogolabrus adspersus,99.412,972,609,0,0,0,0,0,0,0,0,0,2152,0,0,0,0,0,0,0,0,0,0,0,0,0,0,0,0,0,0,0,0,0,1914,0,0,0,0,0,0,0,0,0,0,1500,0,221,86,0,0,0,0,0,0,0,0,0,0,0,0,0,0,0,0,0,0,0,0,0,0,0,0,0,0,0,0,0,0,0,0,0,0,0,0,0,0,0,0,0,0,0
Tautogolabrus adspersus,99.412,2562,1940,0,0,0,0,0,0,0,0,0,6649,0,0,0,0,0,0,0,0,0,0,0,0,0,0,0,0,0,0,0,0,0,5834,0,0,0,0,1890,506,0,0,0,0,4297,0,475,284,0,0,0,0,0,0,0,0,0,0,0,0,0,0,0,0,0,0,0,0,0,0,0,0,0,0,0,0,0,0,0,0,0,0,0,0,0,0,0,0,0,0,0
Tautogolabrus adspersus,99.412,3455,4199,0,0,0,0,0,0,0,0,0,10653,0,0,0,0,0,0,0,0,0,0,0,0,0,0,0,0,0,0,0,0,0,32576,0,0,0,0,3268,646,0,0,0,0,6367,0,765,415,0,0,0,0,0,0,0,0,0,0,0,0,0,0,0,0,0,0,0,0,0,0,0,0,0,0,0,0,0,0,0,0,0,0,0,0,0,828,0,0,0,0,0
Tautogolabrus adspersus,99.412,4679,3037,0,0,0,0,0,0,0,0,0,11746,0,0,0,0,0,0,0,0,0,0,0,0,0,0,0,0,0,0,0,0,0,10659,0,0,0,0,2838,650,0,0,0,0,7642,0,838,369,0,0,0,0,0,0,0,0,0,0,0,0,0,0,0,0,0,0,0,0,0,0,0,0,0,0,0,0,0,0,0,0,0,0,0,0,0,764,0,0,0,0,0
Tautogolabrus adspersus,99.412,680,652,0,0,0,0,0,0,0,0,0,1574,0,0,0,0,0,0,0,0,0,0,0,0,0,0,0,0,0,0,0,0,0,1931,0,0,0,0,431,161,0,0,0,0,1401,0,134,45,0,0,0,0,0,0,0,0,0,0,0,0,0,0,0,0,0,0,0,0,0,0,0,0,0,0,0,0,0,0,0,0,0,0,0,0,0,186,0,0,0,0,0
Tautogolabrus adspersus,99.412,3901,2727,0,0,0,0,0,0,0,0,0,8311,0,0,0,0,0,0,0,0,0,0,0,0,0,0,0,0,0,0,0,0,0,12050,0,0,0,0,5268,2655,0,0,0,0,6412,0,775,285,0,0,0,0,0,0,0,0,0,0,0,0,0,0,0,0,0,0,0,0,0,0,0,0,0,0,0,0,0,0,0,0,0,0,0,0,0,694,0,0,0,0,0
Tautogolabrus adspersus,99.412,17070,3601,0,0,0,0,0,0,0,0,0,13892,0,0,0,0,0,0,0,0,0,0,0,0,0,0,0,0,0,0,0,0,0,11541,0,0,0,0,3108,920,0,0,0,0,8646,0,2885,597,0,0,0,0,0,0,0,0,0,0,0,0,0,0,0,0,0,0,0,0,0,0,0,0,0,0,0,0,0,0,0,0,0,0,0,0,0,1151,0,0,0,0,0
Tautogolabrus adspersus,99.412,4587,3773,0,0,0,0,0,0,0,0,0,14821,0,0,0,0,0,0,0,0,0,0,0,0,0,0,0,0,0,0,0,0,0,13197,0,0,0,0,4304,930,0,0,0,0,9308,0,1031,645,0,0,0,0,0,0,0,0,0,0,0,0,0,0,0,0,0,0,0,0,0,0,0,0,0,0,0,0,0,0,0,0,0,0,0,0,0,1146,0,0,0,0,0
Tautogolabrus adspersus,99.412,3668,3265,0,0,0,0,0,0,0,0,0,12748,0,0,0,0,0,0,0,0,0,0,0,0,0,0,0,0,0,0,0,0,0,14879,0,0,0,0,2449,642,0,0,0,0,6558,0,694,395,0,0,0,0,0,0,0,0,0,0,0,0,0,0,0,0,0,0,0,0,0,0,0,0,0,0,0,0,0,0,0,0,0,0,0,0,0,783,0,0,0,0,0
Tautogolabrus adspersus,99.412,5656,648,0,0,0,0,0,0,0,0,0,4426,0,0,0,0,0,0,0,0,0,0,0,0,0,0,0,0,0,0,0,0,0,0,0,0,0,0,0,163,0,0,0,0,0,0,114,83,0,0,0,0,0,0,0,0,0,0,0,0,0,0,0,0,0,0,0,0,0,0,0,0,0,0,0,0,0,0,0,0,0,0,0,0,0,0,0,0,0,0,0
Tautogolabrus adspersus,99.412,5279,4564,0,0,0,0,0,0,0,0,0,8869,0,0,0,0,0,0,0,0,0,0,0,0,0,0,0,0,0,0,0,0,0,10768,0,0,0,0,2416,617,0,0,0,0,6820,0,793,347,0,0,0,0,0,0,0,0,0,0,0,0,0,0,0,0,0,0,0,0,0,0,0,0,0,0,0,0,0,0,0,0,0,0,0,0,0,967,0,0,0,0,0
Tautogolabrus adspersus,99.412,1044,607,0,0,0,0,0,0,0,0,0,1813,0,0,0,0,0,0,0,0,0,0,0,0,0,0,0,0,0,0,0,0,0,2094,0,0,0,0,576,173,0,0,0,0,1363,0,294,69,0,0,0,0,0,0,0,0,0,0,0,0,0,0,0,0,0,0,0,0,0,0,0,0,0,0,0,0,0,0,0,0,0,0,0,0,0,0,0,0,0,0,0
Tautogolabrus adspersus,99.412,4700,4086,0,0,0,0,0,0,0,0,0,12313,0,0,0,0,0,0,0,0,0,0,0,0,0,0,0,0,0,0,0,0,0,13980,0,0,0,0,3326,883,0,0,0,0,8870,0,1338,470,0,0,0,0,0,0,0,0,0,0,0,0,0,0,0,0,0,0,0,0,0,0,0,0,0,0,0,0,0,0,0,0,0,0,0,0,0,1100,0,0,0,0,0
Tautogolabrus adspersus,99.412,4452,2836,0,0,0,0,0,0,0,0,0,13465,0,0,0,0,0,0,0,0,0,0,0,0,0,0,0,0,0,0,0,0,0,9571,0,0,0,0,2884,602,0,0,0,0,10449,0,997,497,0,0,0,0,0,0,0,0,0,0,0,0,0,0,0,0,0,0,0,0,0,0,0,0,0,0,0,0,0,0,0,0,0,0,0,0,0,758,0,0,0,0,0
Tautogolabrus adspersus,99.412,5950,3150,0,0,0,0,0,0,0,0,0,9280,0,0,0,0,0,0,0,0,0,0,0,0,0,0,0,0,0,0,0,0,0,13042,0,0,0,0,2675,794,0,0,0,0,7717,0,1027,368,0,0,0,0,0,0,0,0,0,0,0,0,0,0,0,0,0,0,0,0,0,0,0,0,0,0,0,0,0,0,0,0,0,0,0,0,0,966,0,0,0,0,0
Tautogolabrus adspersus,99.412,3617,2993,0,0,0,0,0,0,0,0,0,9906,0,0,0,0,0,0,0,0,0,0,0,0,0,0,0,0,0,0,0,0,0,10993,0,0,0,0,2734,666,0,0,0,0,12396,0,759,354,0,0,0,0,0,0,0,0,0,0,0,0,0,0,0,0,0,0,0,0,0,0,0,0,0,0,0,0,0,0,0,0,0,0,0,0,0,1126,0,0,0,0,0
Tautogolabrus adspersus,99.412,1872,1511,0,0,0,0,0,0,0,0,0,6082,0,0,0,0,0,0,0,0,0,0,0,0,0,0,0,0,0,0,0,0,0,4513,0,0,0,0,1698,367,0,0,0,0,4425,0,419,0,0,0,0,0,0,0,0,0,0,0,0,0,0,0,0,0,0,0,0,0,0,0,0,0,0,0,0,0,0,0,0,0,0,0,0,0,0,420,0,0,0,0,0
Tautogolabrus adspersus,99.412,3817,2477,0,0,0,0,0,0,0,0,0,8667,0,0,0,0,0,0,0,0,0,0,0,0,0,0,0,0,0,0,0,0,0,10060,0,0,0,0,2064,576,0,0,0,0,5910,0,923,300,0,0,0,0,0,0,0,0,0,0,0,0,0,0,0,0,0,0,0,0,0,0,0,0,0,0,0,0,0,0,0,0,0,0,0,0,0,755,0,0,0,0,0
Tautogolabrus adspersus,99.412,2755,1722,0,0,0,0,0,0,0,0,0,22705,0,0,0,0,0,0,0,0,0,0,0,0,0,0,0,0,0,0,0,0,0,7347,0,0,0,0,1823,425,0,0,0,0,4527,0,616,279,0,0,0,0,0,0,0,0,0,0,0,0,0,0,0,0,0,0,0,0,0,0,0,0,0,0,0,0,0,0,0,0,0,0,0,0,0,672,0,0,0,0,0
Tautogolabrus adspersus,99.412,2610,1681,0,0,0,0,0,0,0,0,0,6646,0,0,0,0,0,0,0,0,0,0,0,0,0,0,0,0,0,0,0,0,0,7535,0,0,0,0,2012,486,0,0,0,0,4403,0,527,0,0,0,0,0,0,0,0,0,0,0,0,0,0,0,0,0,0,0,0,0,0,0,0,0,0,0,0,0,0,0,0,0,0,0,0,0,0,527,0,0,0,0,0
Tautogolabrus adspersus,99.412,10106,3234,0,0,0,0,0,0,0,0,0,10972,0,0,0,0,0,0,0,0,0,0,0,0,0,0,0,0,0,0,0,0,0,10756,0,0,0,0,3181,750,0,0,0,0,7856,0,911,400,0,0,0,0,0,0,0,0,0,0,0,0,0,0,0,0,0,0,0,0,0,0,0,0,0,0,0,0,0,0,0,0,0,0,0,0,0,1479,0,0,0,0,0
Tautogolabrus adspersus,99.412,4083,2897,0,0,0,0,0,0,0,0,0,10550,0,0,0,0,0,0,0,0,0,0,0,0,0,0,0,0,0,0,0,0,0,9378,0,0,0,0,4044,755,0,0,0,0,8534,0,758,327,0,0,0,0,0,0,0,0,0,0,0,0,0,0,0,0,0,0,0,0,0,0,0,0,0,0,0,0,0,0,0,0,0,0,0,0,0,1080,0,0,0,0,0
Tautogolabrus adspersus,99.412,3817,2699,0,0,0,0,0,0,0,0,0,9030,0,0,0,0,0,0,0,0,0,0,0,0,0,0,0,0,0,0,0,0,0,9550,0,0,0,0,3001,752,0,0,0,0,7902,0,698,479,0,0,0,0,0,0,0,0,0,0,0,0,0,0,0,0,0,0,0,0,0,0,0,0,0,0,0,0,0,0,0,0,0,0,0,0,0,850,0,0,0,0,0
Tautogolabrus adspersus,99.412,4531,7322,0,0,0,0,0,0,0,0,0,9794,0,0,0,0,0,0,0,0,0,0,0,0,0,0,0,0,0,0,0,0,0,11089,0,0,0,0,2854,1053,0,0,0,0,8256,0,993,447,0,0,0,0,0,0,0,0,0,0,0,0,0,0,0,0,0,0,0,0,0,0,0,0,0,0,0,0,0,0,0,0,0,0,0,0,0,1132,0,0,0,0,0
Tautogolabrus adspersus,99.412,2665,7623,0,0,0,0,0,0,0,0,0,5692,0,0,0,0,0,0,0,0,0,0,0,0,0,0,0,0,0,0,0,0,0,10522,0,0,0,0,4093,0,0,0,0,0,5278,0,554,331,0,0,0,0,0,0,0,0,0,0,0,0,0,0,0,0,0,0,0,0,0,0,0,0,0,0,0,0,0,0,0,0,0,0,0,0,0,601,0,0,0,0,0
Tautogolabrus adspersus,99.412,900,692,0,0,0,0,0,0,0,0,0,15789,0,0,0,0,0,0,0,0,0,0,0,0,0,0,0,0,0,0,0,0,0,2226,0,0,0,0,583,173,0,0,0,0,2254,0,325,82,0,0,0,0,0,0,0,0,0,0,0,0,0,0,0,0,0,0,0,0,0,0,0,0,0,0,0,0,0,0,0,0,0,0,0,0,0,0,0,0,0,0,0
Tautogolabrus adspersus,99.412,13087,3787,0,0,0,0,0,0,0,0,0,10341,0,0,0,0,0,0,0,0,0,0,0,0,0,0,0,0,0,0,0,0,0,15291,0,0,0,0,3187,1066,0,0,0,0,8660,0,1075,352,0,0,0,0,0,0,0,0,0,0,0,0,0,0,0,0,0,0,0,0,0,0,0,0,0,0,0,0,0,0,0,0,0,0,0,0,0,1031,0,0,0,0,0
Tautogolabrus adspersus,99.412,2765,2536,0,0,0,0,0,0,0,0,0,6041,0,0,0,0,0,0,0,0,0,0,0,0,0,0,0,0,0,0,0,0,0,6809,0,0,0,0,1872,499,0,0,0,0,4892,0,552,0,0,0,0,0,0,0,0,0,0,0,0,0,0,0,0,0,0,0,0,0,0,0,0,0,0,0,0,0,0,0,0,0,0,0,0,0,0,0,0,0,0,0,0
Tautogolabrus adspersus,99.412,4454,3357,0,0,0,0,0,0,0,0,0,8700,0,0,0,0,0,0,0,0,0,0,0,0,0,0,0,0,0,0,0,0,0,11584,0,0,0,0,4906,1065,0,0,0,0,7631,0,960,305,0,0,0,0,0,0,0,0,0,0,0,0,0,0,0,0,0,0,0,0,0,0,0,0,0,0,0,0,0,0,0,0,0,0,0,0,0,1006,0,0,0,0,0
Tautogolabrus adspersus,99.412,3312,3639,0,0,0,0,0,0,0,0,0,11771,0,0,0,0,0,0,0,0,0,0,0,0,0,0,0,0,0,0,0,0,0,10353,0,0,0,0,2171,604,0,0,0,0,5748,0,720,353,0,0,0,0,0,0,0,0,0,0,0,0,0,0,0,0,0,0,0,0,0,0,0,0,0,0,0,0,0,0,0,0,0,0,0,0,0,746,0,0,0,0,0
Tautogolabrus adspersus,99.412,3447,2058,0,0,0,0,0,0,0,0,0,4533,0,0,0,0,0,0,0,0,0,0,0,0,0,0,0,0,0,0,0,0,0,4884,0,0,0,0,1414,404,0,0,0,0,3957,0,446,0,0,0,0,0,0,0,0,0,0,0,0,0,0,0,0,0,0,0,0,0,0,0,0,0,0,0,0,0,0,0,0,0,0,0,0,0,0,426,0,0,0,0,0
Tautogolabrus adspersus,99.412,3404,2820,0,0,0,0,0,0,0,0,0,6945,0,0,0,0,0,0,0,0,0,0,0,0,0,0,0,0,0,0,0,0,0,8260,0,0,0,0,2008,855,0,0,0,0,16594,0,1032,461,0,0,0,0,0,0,0,0,0,0,0,0,0,0,0,0,0,0,0,0,0,0,0,0,0,0,0,0,0,0,0,0,0,0,0,0,0,620,0,0,0,0,0
Tautogolabrus adspersus,99.412,5513,5157,0,0,0,0,0,0,0,0,0,9266,0,0,0,0,0,0,0,0,0,0,0,0,0,0,0,0,0,0,0,0,0,9954,0,0,0,0,3022,1404,0,0,0,0,6399,0,949,638,0,0,0,0,0,0,0,0,0,0,0,0,0,0,0,0,0,0,0,0,0,0,0,0,0,0,0,0,0,0,0,0,0,0,0,0,0,1508,0,0,0,0,0
Tautogolabrus adspersus,99.412,4689,3350,0,0,0,0,0,0,0,0,0,15134,0,0,0,0,0,0,0,0,0,0,0,0,0,0,0,0,0,0,0,0,0,10092,0,0,0,0,2585,1141,0,0,0,0,9063,0,1990,501,0,0,0,0,0,0,0,0,0,0,0,0,0,0,0,0,0,0,0,0,0,0,0,0,0,0,0,0,0,0,0,0,0,0,0,0,0,978,0,0,0,0,0
Tautogolabrus adspersus,99.412,2992,16362,0,0,0,0,0,0,0,0,0,6172,0,0,0,0,0,0,0,0,0,0,0,0,0,0,0,0,0,0,0,0,0,6750,0,0,0,0,1781,531,0,0,0,0,4897,0,1698,305,0,0,0,0,0,0,0,0,0,0,0,0,0,0,0,0,0,0,0,0,0,0,0,0,0,0,0,0,0,0,0,0,0,0,0,0,0,724,0,0,0,0,0
Tautogolabrus adspersus,99.412,5838,3088,0,0,0,0,0,0,0,0,0,9998,0,0,0,0,0,0,0,0,0,0,0,0,0,0,0,0,0,0,0,0,0,21781,0,0,0,0,2844,762,0,0,0,0,8921,0,1116,493,0,0,0,0,0,0,0,0,0,0,0,0,0,0,0,0,0,0,0,0,0,0,0,0,0,0,0,0,0,0,0,0,0,0,0,0,0,920,0,0,0,0,0
Tautogolabrus adspersus,99.412,7832,5695,0,0,0,0,0,0,0,0,0,25421,0,0,0,0,0,0,0,0,0,0,0,0,0,0,0,0,0,0,0,0,0,17866,0,0,0,0,4957,1244,0,0,0,0,13704,0,1664,608,0,0,0,0,0,0,0,0,0,0,0,0,0,0,0,0,0,0,0,0,0,0,0,0,0,0,0,0,0,0,0,0,0,0,0,0,0,1697,0,0,0,0,0
Tautogolabrus adspersus,99.412,2908,2127,0,0,0,0,0,0,0,0,0,8600,0,0,0,0,0,0,0,0,0,0,0,0,0,0,0,0,0,0,0,0,0,7398,0,0,0,0,24215,926,0,0,0,0,5041,0,808,265,0,0,0,0,0,0,0,0,0,0,0,0,0,0,0,0,0,0,0,0,0,0,0,0,0,0,0,0,0,0,0,0,0,0,0,0,0,647,0,0,0,0,0
Tautogolabrus adspersus,99.412,2146,1580,0,0,0,0,0,0,0,0,0,4784,0,0,0,0,0,0,0,0,0,0,0,0,0,0,0,0,0,0,0,0,0,4514,0,0,0,0,1323,507,0,0,0,0,4132,0,603,0,0,0,0,0,0,0,0,0,0,0,0,0,0,0,0,0,0,0,0,0,0,0,0,0,0,0,0,0,0,0,0,0,0,0,0,0,0,0,0,0,0,0,0
Tautogolabrus adspersus,99.412,623,428,0,0,0,0,0,0,0,0,0,1480,0,0,0,0,0,0,0,0,0,0,0,0,0,0,0,0,0,0,0,0,0,1424,0,0,0,0,758,156,0,0,0,0,1091,0,134,53,0,0,0,0,0,0,0,0,0,0,0,0,0,0,0,0,0,0,0,0,0,0,0,0,0,0,0,0,0,0,0,0,0,0,0,0,0,122,0,0,0,0,0
Tautogolabrus adspersus,99.412,1810,981,0,0,0,0,0,0,0,0,0,2778,0,0,0,0,0,0,0,0,0,0,0,0,0,0,0,0,0,0,0,0,0,0,0,0,0,0,883,0,0,0,0,0,2532,0,0,0,0,0,0,0,0,0,0,0,0,0,0,0,0,0,0,0,0,0,0,0,0,0,0,0,0,0,0,0,0,0,0,0,0,0,0,0,0,0,0,0,0,0,0
Tautogolabrus adspersus,99.412,4088,3470,0,0,0,0,0,0,0,0,0,7029,0,0,0,0,0,0,0,0,0,0,0,0,0,0,0,0,0,0,0,0,0,8427,0,0,0,0,2169,728,0,0,0,0,6470,0,693,377,0,0,0,0,0,0,0,0,0,0,0,0,0,0,0,0,0,0,0,0,0,0,0,0,0,0,0,0,0,0,0,0,0,0,0,0,0,862,0,0,0,0,0
Tautogolabrus adspersus,99.412,4487,3495,0,0,0,0,0,0,0,0,0,10391,0,0,0,0,0,0,0,0,0,0,0,0,0,0,0,0,0,0,0,0,0,14742,0,0,0,0,3922,885,0,0,0,0,10230,0,1130,594,0,0,0,0,0,0,0,0,0,0,0,0,0,0,0,0,0,0,0,0,0,0,0,0,0,0,0,0,0,0,0,0,0,0,0,0,0,1477,0,0,0,0,0
Tautogolabrus adspersus,99.412,6283,2570,0,0,0,0,0,0,0,0,0,7661,0,0,0,0,0,0,0,0,0,0,0,0,0,0,0,0,0,0,0,0,0,9134,0,0,0,0,2294,687,0,0,0,0,5709,0,701,299,0,0,0,0,0,0,0,0,0,0,0,0,0,0,0,0,0,0,0,0,0,0,0,0,0,0,0,0,0,0,0,0,0,0,0,0,0,727,0,0,0,0,0
Tautogolabrus adspersus,99.412,3008,1786,0,0,0,0,0,0,0,0,0,5212,0,0,0,0,0,0,0,0,0,0,0,0,0,0,0,0,0,0,0,0,0,9265,0,0,0,0,1541,406,0,0,0,0,4655,0,464,298,0,0,0,0,0,0,0,0,0,0,0,0,0,0,0,0,0,0,0,0,0,0,0,0,0,0,0,0,0,0,0,0,0,0,0,0,0,514,0,0,0,0,0
Tautogolabrus adspersus,99.412,505,261,0,0,0,0,0,0,0,0,0,3923,0,0,0,0,0,0,0,0,0,0,0,0,0,0,0,0,0,0,0,0,0,1083,0,0,0,0,396,70,0,0,0,0,783,0,70,0,0,0,0,0,0,0,0,0,0,0,0,0,0,0,0,0,0,0,0,0,0,0,0,0,0,0,0,0,0,0,0,0,0,0,0,0,0,0,0,0,0,0,0
Tautogolabrus adspersus,99.412,6445,3172,0,0,0,0,0,0,0,0,0,8878,0,0,0,0,0,0,0,0,0,0,0,0,0,0,0,0,0,0,0,0,0,9579,0,0,0,0,2731,714,0,0,0,0,7129,0,874,510,0,0,0,0,0,0,0,0,0,0,0,0,0,0,0,0,0,0,0,0,0,0,0,0,0,0,0,0,0,0,0,0,0,0,0,0,0,901,0,0,0,0,0
Tautogolabrus adspersus,99.412,617,363,0,0,0,0,0,0,0,0,0,2035,0,0,0,0,0,0,0,0,0,0,0,0,0,0,0,0,0,0,0,0,0,1249,0,0,0,0,502,90,0,0,0,0,860,0,105,475,0,0,0,0,0,0,0,0,0,0,0,0,0,0,0,0,0,0,0,0,0,0,0,0,0,0,0,0,0,0,0,0,0,0,0,0,0,0,0,0,0,0,0
Tautogolabrus adspersus,99.412,3400,3685,0,0,0,0,0,0,0,0,0,6715,0,0,0,0,0,0,0,0,0,0,0,0,0,0,0,0,0,0,0,0,0,15880,0,0,0,0,1902,832,0,0,0,0,8154,0,569,280,0,0,0,0,0,0,0,0,0,0,0,0,0,0,0,0,0,0,0,0,0,0,0,0,0,0,0,0,0,0,0,0,0,0,0,0,0,842,0,0,0,0,0
Tautogolabrus adspersus,99.412,3087,2159,0,0,0,0,0,0,0,0,0,6496,0,0,0,0,0,0,0,0,0,0,0,0,0,0,0,0,0,0,0,0,0,8315,0,0,0,0,1802,516,0,0,0,0,5380,0,544,231,0,0,0,0,0,0,0,0,0,0,0,0,0,0,0,0,0,0,0,0,0,0,0,0,0,0,0,0,0,0,0,0,0,0,0,0,0,654,0,0,0,0,0
Clupea harengus,99.419,0,0,0,0,0,0,0,0,0,0,0,0,0,0,0,848,492,1949,0,0,0,1861,0,449,0,0,0,0,0,0,0,0,0,0,0,0,0,0,0,0,0,0,0,0,0,0,0,633,0,0,0,938,0,0,0,0,0,0,0,0,0,462,0,0,0,0,163,0,0,572,0,0,0,0,0,0,0,0,0,0,0,0,0,0,0,0,0,0,0,0,0
Clupea harengus,99.419,0,0,0,0,0,0,0,0,0,0,0,0,0,0,0,508,374,2720,0,0,0,971,0,418,0,0,0,0,0,0,0,0,0,0,0,0,0,0,0,0,0,0,0,0,0,0,0,442,0,0,0,786,0,0,0,0,0,0,0,0,0,440,0,0,0,0,151,0,0,0,0,0,0,0,0,0,0,0,0,0,0,0,0,0,0,0,0,0,0,0,0
Clupea harengus,99.419,0,0,0,0,0,0,0,0,0,0,0,0,0,0,0,2116,1694,4929,0,0,0,3547,0,2854,0,0,0,0,0,0,0,0,0,0,0,0,0,0,0,0,0,0,0,0,0,0,0,1680,0,0,0,3051,0,0,0,0,0,0,0,0,0,1217,0,0,0,0,667,0,0,1275,0,0,0,0,0,0,0,0,0,0,0,0,0,0,0,0,0,0,0,0,0
Clupea harengus,99.419,0,0,0,0,0,0,0,0,0,0,0,0,0,0,0,587,491,1398,0,0,0,1131,0,530,0,0,0,0,0,0,0,0,0,0,0,0,0,0,0,0,0,0,0,0,0,0,0,453,0,0,0,816,0,0,0,0,0,0,0,0,0,409,0,0,0,0,130,0,0,407,0,0,0,0,0,0,0,0,0,0,0,0,0,0,0,0,0,0,0,0,0
Clupea harengus,99.419,0,0,0,0,0,0,0,0,0,0,0,0,0,0,0,0,851,5358,0,0,0,2760,0,1125,0,0,0,0,0,0,0,0,0,0,0,0,0,0,0,0,0,0,0,0,0,0,0,1615,0,0,0,1675,0,0,0,0,0,0,0,0,0,899,0,0,0,0,1331,0,0,1584,0,0,0,0,0,0,0,0,0,0,0,0,0,0,0,0,0,0,0,0,0
Clupea harengus,99.419,0,0,0,0,0,0,0,0,0,0,0,0,0,0,0,984,669,4525,0,0,0,2320,0,913,0,0,0,0,0,0,0,0,0,0,0,0,0,0,0,0,0,0,0,0,0,0,0,939,0,0,0,1561,0,0,0,0,0,0,0,0,0,853,0,0,0,0,208,0,0,926,0,0,0,0,0,0,0,0,0,0,0,0,0,0,0,0,0,0,0,0,0
Clupea harengus,99.419,0,0,0,0,0,0,0,0,0,0,0,0,0,0,0,0,0,0,0,0,0,0,0,9549,0,0,0,0,0,0,0,0,0,0,0,0,0,0,0,0,0,0,0,0,0,0,0,0,0,0,0,0,0,0,0,0,0,0,0,0,0,0,0,0,0,0,0,0,0,0,0,0,0,0,0,0,0,0,0,0,0,0,0,0,0,0,0,0,0,0,0
Clupea harengus,99.419,0,0,0,0,0,0,0,0,0,0,0,0,0,0,0,502,437,1810,0,0,0,1736,0,832,0,0,0,0,0,0,0,0,0,0,0,0,0,0,0,0,0,0,0,0,0,0,0,612,0,0,0,789,0,0,0,0,0,0,0,0,0,491,0,0,0,0,164,0,0,0,0,0,0,0,0,0,0,0,0,0,0,0,0,0,0,0,0,0,0,0,0
Clupea harengus,99.419,0,0,0,0,0,0,0,0,0,0,0,0,0,0,0,412,378,1587,0,0,0,2427,0,506,0,0,0,0,0,0,0,0,0,0,0,0,0,0,0,0,0,0,0,0,0,0,0,520,0,0,0,813,0,0,0,0,0,0,0,0,0,1034,0,0,0,0,158,0,0,389,0,0,0,0,0,0,0,0,0,0,0,0,0,0,0,0,0,0,0,0,0
Clupea harengus,99.419,0,0,0,0,0,0,0,0,0,0,0,0,0,0,0,1465,1645,4315,0,0,0,3564,0,1477,0,0,0,0,0,0,0,0,0,0,0,0,0,0,0,0,0,0,0,0,0,0,0,1633,0,0,0,2194,0,0,0,0,0,0,0,0,0,1318,0,0,0,0,427,0,0,0,0,0,0,0,0,0,0,0,0,0,0,0,0,0,0,0,0,0,0,0,0
Clupea harengus,99.419,0,0,0,0,0,0,0,0,0,0,0,0,0,0,0,1076,1292,3709,0,0,0,2800,0,1220,0,0,0,0,0,0,0,0,0,0,0,0,0,0,0,0,0,0,0,0,0,0,0,1292,0,0,0,1879,0,0,0,0,0,0,0,0,0,1039,0,0,0,0,277,0,0,0,0,0,0,0,0,0,0,0,0,0,0,0,0,0,0,0,0,0,0,0,0
Clupea harengus,99.419,0,0,0,0,0,0,0,0,0,0,0,0,0,0,0,0,716,1942,0,0,0,1592,0,684,0,0,0,0,0,0,0,0,0,0,0,0,0,0,0,0,0,0,0,0,0,0,0,715,0,0,0,1124,0,0,0,0,0,0,0,0,0,0,0,0,0,0,169,0,0,0,0,0,0,0,0,0,0,0,0,0,0,0,0,0,0,0,0,0,0,0,0
Clupea harengus,99.419,0,0,0,0,0,0,0,0,0,0,0,0,0,0,0,0,687,1731,0,0,0,1350,0,575,0,0,0,0,0,0,0,0,0,0,0,0,0,0,0,0,0,0,0,0,0,0,0,611,0,0,0,930,0,0,0,0,0,0,0,0,0,540,0,0,0,0,140,0,0,0,0,0,0,0,0,0,0,0,0,0,0,0,0,0,0,0,0,0,0,0,0
Clupea harengus,99.419,0,0,0,0,0,0,0,0,0,0,0,0,0,0,0,1600,1923,5209,0,0,0,3997,0,1777,0,0,0,0,0,0,0,0,0,0,0,0,0,0,0,0,0,0,0,0,0,0,0,1778,0,0,0,2479,0,0,0,0,0,0,0,0,0,1479,0,0,0,0,406,0,0,0,0,0,0,0,0,0,0,0,0,0,0,0,0,0,0,0,0,0,0,0,0
Clupea harengus,99.419,0,0,0,0,0,0,0,0,0,0,0,0,0,0,0,1100,1340,3838,0,0,0,3100,0,1304,0,0,0,0,0,0,0,0,0,0,0,0,0,0,0,0,0,0,0,0,0,0,0,1294,0,0,0,1912,0,0,0,0,0,0,0,0,0,1385,0,0,0,0,343,0,0,963,0,0,0,0,0,0,0,0,0,0,0,0,0,0,0,0,0,0,0,0,0
Clupea harengus,99.419,0,0,0,0,0,0,0,0,0,0,0,0,0,0,0,0,0,32006,0,0,0,0,0,0,0,0,0,0,0,0,0,0,0,0,0,0,0,0,0,0,0,0,0,0,0,0,0,0,0,0,0,0,0,0,0,0,0,0,0,0,0,0,0,0,0,0,0,0,0,0,0,0,0,0,0,0,0,0,0,0,0,0,0,0,0,0,0,0,0,0,0
Clupea harengus,99.419,0,0,0,0,0,0,0,0,0,0,0,0,0,0,0,0,780,1894,0,0,0,1395,0,610,0,0,0,0,0,0,0,0,0,0,0,0,0,0,0,0,0,0,0,0,0,0,0,672,0,0,0,972,0,0,0,0,0,0,0,0,0,545,0,0,0,0,0,0,0,0,0,0,0,0,0,0,0,0,0,0,0,0,0,0,0,0,0,0,0,0,0
Clupea harengus,99.419,0,0,0,0,0,0,0,0,0,0,0,0,0,0,0,892,1180,2847,0,0,0,2259,0,904,0,0,0,0,0,0,0,0,0,0,0,0,0,0,0,0,0,0,0,0,0,0,0,985,0,0,0,1628,0,0,0,0,0,0,0,0,0,846,0,0,0,0,224,0,0,0,0,0,0,0,0,0,0,0,0,0,0,0,0,0,0,0,0,0,0,0,0
Clupea harengus,99.419,0,0,0,0,0,0,0,0,0,0,0,0,0,0,0,1453,1273,5687,0,0,0,3767,0,2020,0,0,0,0,0,0,0,0,0,0,0,0,0,0,0,0,0,0,0,0,0,0,0,1869,0,0,0,2344,0,0,0,0,0,0,0,0,0,1580,0,0,0,0,610,0,0,1314,0,0,0,0,0,0,0,0,0,0,0,0,0,0,0,0,0,0,0,0,0
Clupea harengus,100,0,0,0,0,0,0,0,0,0,0,0,0,0,0,0,0,896270,0,0,0,0,0,0,0,0,0,0,0,0,0,0,0,0,0,0,0,0,0,0,0,0,0,0,0,0,0,0,0,0,0,0,0,0,0,0,0,0,0,0,0,0,0,0,0,0,0,0,0,0,0,0,0,0,0,0,0,0,0,0,0,0,0,0,0,0,0,0,0,0,0,0
Clupea harengus,99.419,0,0,0,0,0,0,0,0,0,0,0,0,0,0,0,0,12387,0,0,0,0,0,0,14651,0,0,0,0,0,0,0,0,0,0,0,0,0,0,0,0,0,0,0,0,0,0,0,8128,0,0,0,0,0,0,0,0,0,0,0,0,0,0,0,0,0,0,0,0,0,5187,0,0,0,0,0,0,0,0,0,0,0,0,0,0,0,0,0,0,0,0,0
Clupea harengus,99.419,0,0,0,0,0,0,0,0,0,0,0,0,0,0,0,26601,9041,24882,0,0,0,17492,0,0,0,0,0,0,0,0,0,0,0,0,0,0,0,0,0,0,0,0,0,0,0,0,0,0,0,0,0,0,0,0,0,0,0,0,0,0,0,7206,0,0,0,0,0,0,0,0,0,0,0,0,0,0,0,0,0,0,0,0,0,0,0,0,0,0,0,0,0
Clupea harengus,99.419,0,0,0,0,0,0,0,0,0,0,0,0,0,0,0,410,471,1294,0,0,0,1087,0,479,0,0,0,0,0,0,0,0,0,0,0,0,0,0,0,0,0,0,0,0,0,0,0,465,0,0,0,677,0,0,0,0,0,0,0,0,0,407,0,0,0,0,0,0,0,378,0,0,0,0,0,0,0,0,0,0,0,0,0,0,0,0,0,0,0,0,0
Clupea harengus,99.419,0,0,0,0,0,0,0,0,0,0,0,0,0,0,0,1332,1496,4026,0,0,0,3286,0,1439,0,0,0,0,0,0,0,0,0,0,0,0,0,0,0,0,0,0,0,0,0,0,0,1445,0,0,0,2172,0,0,0,0,0,0,0,0,0,1197,0,0,0,0,329,0,0,1340,0,0,0,0,0,0,0,0,0,0,0,0,0,0,0,0,0,0,0,0,0
Clupea harengus,99.419,0,0,0,0,0,0,0,0,0,0,0,0,0,0,0,1065,1166,3141,0,0,0,2565,0,1123,0,0,0,0,0,0,0,0,0,0,0,0,0,0,0,0,0,0,0,0,0,0,0,1174,0,0,0,1688,0,0,0,0,0,0,0,0,0,1000,0,0,0,0,299,0,0,990,0,0,0,0,0,0,0,0,0,0,0,0,0,0,0,0,0,0,0,0,0
Clupea harengus,100,0,0,0,0,0,0,0,0,0,0,0,0,0,0,0,763,970,2352,0,0,0,1867,0,1327491,0,0,0,0,0,0,0,0,0,0,0,0,0,0,0,0,0,0,0,0,0,0,0,781,0,0,0,1223,0,0,0,0,0,0,0,0,0,702,0,0,0,0,205,0,0,750,0,0,0,0,0,0,0,0,0,0,0,0,0,0,0,0,0,0,0,0,0
Clupea harengus,99.419,0,0,0,0,0,0,0,0,0,0,0,0,0,0,0,651,753,1954,0,0,0,1771,0,662,0,0,0,0,0,0,0,0,0,0,0,0,0,0,0,0,0,0,0,0,0,0,0,716,0,0,0,1058,0,0,0,0,0,0,0,0,0,618,0,0,0,0,178,0,0,739,0,0,0,0,0,0,0,0,0,0,0,0,0,0,0,0,0,0,0,0,0
Clupea harengus,99.419,0,0,0,0,0,0,0,0,0,0,0,0,0,0,0,1511,1715,4364,0,0,0,3646,0,1586,0,0,0,0,0,0,0,0,0,0,0,0,0,0,0,0,0,0,0,0,0,0,0,1641,0,0,0,2282,0,0,0,0,0,0,0,0,0,1415,0,0,0,0,395,0,0,1430,0,0,0,0,0,0,0,0,0,0,0,0,0,0,0,0,0,0,0,0,0
Clupea harengus,99.419,0,0,0,0,0,0,0,0,0,0,0,0,0,0,0,926,1043,3354,0,0,0,2350,0,980,0,0,0,0,0,0,0,0,0,0,0,0,0,0,0,0,0,0,0,0,0,0,0,1158,0,0,0,1532,0,0,0,0,0,0,0,0,0,895,0,0,0,0,317,0,0,935,0,0,0,0,0,0,0,0,0,0,0,0,0,0,0,0,0,0,0,0,0
Clupea harengus,99.419,0,0,0,0,0,0,0,0,0,0,0,0,0,0,0,1102,791,2148,0,0,0,1787,0,780,0,0,0,0,0,0,0,0,0,0,0,0,0,0,0,0,0,0,0,0,0,0,0,824,0,0,0,1160,0,0,0,0,0,0,0,0,0,644,0,0,0,0,175,0,0,626,0,0,0,0,0,0,0,0,0,0,0,0,0,0,0,0,0,0,0,0,0
Clupea harengus,99.419,0,0,0,0,0,0,0,0,0,0,0,0,0,0,0,856,868,2385,0,0,0,1944,0,836,0,0,0,0,0,0,0,0,0,0,0,0,0,0,0,0,0,0,0,0,0,0,0,899,0,0,0,1302,0,0,0,0,0,0,0,0,0,775,0,0,0,0,206,0,0,786,0,0,0,0,0,0,0,0,0,0,0,0,0,0,0,0,0,0,0,0,0
Clupea harengus,100,0,0,0,0,0,0,26,0,0,535,0,4,0,0,0,1322405,1125826,3995642,0,0,45,3470323,0,1544660,0,34,0,0,0,8,6,5,58,0,75,0,0,0,3,0,0,0,0,0,0,0,0,1443912,0,0,0,2206523,0,0,0,0,81,0,0,10,0,1274063,0,0,4,116,357023,11,0,1300235,30,0,0,4,0,2,0,0,0,10272,0,0,4,0,0,0,1,0,0,0,0
Clupea harengus,99.419,0,0,0,0,0,0,0,0,0,0,0,0,0,0,0,5186,4335,18104,0,0,0,14297,0,6025,0,0,0,0,0,0,0,0,0,0,0,0,0,0,0,0,0,0,0,0,0,0,0,6403,0,0,0,9633,0,0,0,0,0,0,0,0,0,6891,0,0,0,0,1477,0,0,5323,0,0,0,0,0,0,0,0,0,0,0,0,0,0,0,0,0,0,0,0,0
Clupea harengus,99.419,0,0,0,0,0,0,0,0,0,0,0,0,0,0,0,5186,3305,13350,0,0,0,14408,0,4424,0,0,0,0,0,0,0,0,0,0,0,0,0,0,0,0,0,0,0,0,0,0,0,5199,0,0,0,10066,0,0,0,0,0,0,0,0,0,3524,0,0,0,0,1721,0,0,6045,0,0,0,0,0,0,0,0,0,0,0,0,0,0,0,0,0,0,0,0,0
Clupea harengus,99.419,0,0,0,0,0,0,0,0,0,0,0,0,0,0,0,570,572,3175,0,0,0,1448,0,738,0,0,0,0,0,0,0,0,0,0,0,0,0,0,0,0,0,0,0,0,0,0,0,1090,0,0,0,1091,0,0,0,0,0,0,0,0,0,543,0,0,0,0,188,0,0,709,0,0,0,0,0,0,0,0,0,0,0,0,0,0,0,0,0,0,0,0,0
Clupea harengus,99.419,0,0,0,0,0,0,0,0,0,0,0,0,0,0,0,3582,3305,10167,0,0,0,10176,0,4088,0,0,0,0,0,0,0,0,0,0,0,0,0,0,0,0,0,0,0,0,0,0,0,6217,0,0,0,9174,0,0,0,0,0,0,0,0,0,3268,0,0,0,0,1494,0,0,5114,0,0,0,0,0,0,0,0,0,0,0,0,0,0,0,0,0,0,0,0,0
Clupea harengus,99.419,0,0,0,0,0,0,0,0,0,0,0,0,0,0,0,972,870,4255,0,0,0,3045,0,1366,0,0,0,0,0,0,0,0,0,0,0,0,0,0,0,0,0,0,0,0,0,0,0,1331,0,0,0,2772,0,0,0,0,0,0,0,0,0,1138,0,0,0,0,304,0,0,1561,0,0,0,0,0,0,0,0,0,0,0,0,0,0,0,0,0,0,0,0,0
Clupea harengus,99.419,0,0,0,0,0,0,0,0,0,0,0,0,0,0,0,0,0,10131,0,0,0,670,0,271,0,0,0,0,0,0,0,0,0,0,0,0,0,0,0,0,0,0,0,0,0,0,0,0,0,0,0,467,0,0,0,0,0,0,0,0,0,0,0,0,0,0,56,0,0,312,0,0,0,0,0,0,0,0,0,0,0,0,0,0,0,0,0,0,0,0,0
Clupea harengus,99.419,0,0,0,0,0,0,0,0,0,0,0,0,0,0,0,2799,2705,9245,0,0,0,6742,0,5269,0,0,0,0,0,0,0,0,0,0,0,0,0,0,0,0,0,0,0,0,0,0,0,2972,0,0,0,5083,0,0,0,0,0,0,0,0,0,2595,0,0,0,0,743,0,0,3376,0,0,0,0,0,0,0,0,0,0,0,0,0,0,0,0,0,0,0,0,0
Clupea harengus,99.419,0,0,0,0,0,0,0,0,0,0,0,0,0,0,0,696,685,2020,0,0,0,1146,0,507,0,0,0,0,0,0,0,0,0,0,0,0,0,0,0,0,0,0,0,0,0,0,0,732,0,0,0,881,0,0,0,0,0,0,0,0,0,695,0,0,0,0,132,0,0,452,0,0,0,0,0,0,0,0,0,0,0,0,0,0,0,0,0,0,0,0,0
Clupea harengus,99.419,0,0,0,0,0,0,0,0,0,0,0,0,0,0,0,0,792,0,0,0,0,0,0,0,0,0,0,0,0,0,0,0,0,0,0,0,0,0,0,0,0,0,0,0,0,0,0,0,0,0,0,21973,0,0,0,0,0,0,0,0,0,874,0,0,0,0,0,0,0,0,0,0,0,0,0,0,0,0,0,0,0,0,0,0,0,0,0,0,0,0,0
Clupea harengus,99.419,0,0,0,0,0,0,0,0,0,0,0,0,0,0,0,339,397,1299,0,0,0,1100,0,1227,0,0,0,0,0,0,0,0,0,0,0,0,0,0,0,0,0,0,0,0,0,0,0,661,0,0,0,1099,0,0,0,0,0,0,0,0,0,591,0,0,0,0,162,0,0,770,0,0,0,0,0,0,0,0,0,0,0,0,0,0,0,0,0,0,0,0,0
Clupea harengus,99.419,0,0,0,0,0,0,0,0,0,0,0,0,0,0,0,2189,2214,6810,0,0,0,5918,0,2632,0,0,0,0,0,0,0,0,0,0,0,0,0,0,0,0,0,0,0,0,0,0,0,4528,0,0,0,4226,0,0,0,0,0,0,0,0,0,2502,0,0,0,0,645,0,0,2137,0,0,0,0,0,0,0,0,0,0,0,0,0,0,0,0,0,0,0,0,0
Clupea harengus,99.419,0,0,0,0,0,0,0,0,0,0,0,0,0,0,0,2268,2310,12374,0,0,0,9292,0,3105,0,0,0,0,0,0,0,0,0,0,0,0,0,0,0,0,0,0,0,0,0,0,0,2392,0,0,0,14100,0,0,0,0,0,0,0,0,0,2235,0,0,0,0,646,0,0,2406,0,0,0,0,0,0,0,0,0,0,0,0,0,0,0,0,0,0,0,0,0
Clupea harengus,99.419,0,0,0,0,0,0,0,0,0,0,0,0,0,0,0,5464,4988,17378,0,0,0,15329,0,7123,0,0,0,0,0,0,0,0,0,0,0,0,0,0,0,0,0,0,0,0,0,0,0,5789,0,0,0,9282,0,0,0,0,0,0,0,0,0,7033,0,0,0,0,2129,0,0,4790,0,0,0,0,0,0,0,0,0,0,0,0,0,0,0,0,0,0,0,0,0
Clupea harengus,99.419,0,0,0,0,0,0,0,0,0,0,0,0,0,0,0,538,0,1859,0,0,0,1395,0,555,0,0,0,0,0,0,0,0,0,0,0,0,0,0,0,0,0,0,0,0,0,0,0,0,0,0,0,1127,0,0,0,0,0,0,0,0,0,510,0,0,0,0,112,0,0,440,0,0,0,0,0,0,0,0,0,0,0,0,0,0,0,0,0,0,0,0,0
Clupea harengus,99.419,0,0,0,0,0,0,0,0,0,0,0,0,0,0,0,4645,9272,14861,0,0,0,12200,0,5522,0,0,0,0,0,0,0,0,0,0,0,0,0,0,0,0,0,0,0,0,0,0,0,11702,0,0,0,10917,0,0,0,0,0,0,0,0,0,4526,0,0,0,0,1250,0,0,4040,0,0,0,0,0,0,0,0,0,0,0,0,0,0,0,0,0,0,0,0,0
Clupea harengus,99.419,0,0,0,0,0,0,0,0,0,0,0,0,0,0,0,3690,3179,11724,0,0,0,13574,0,4218,0,0,0,0,0,0,0,0,0,0,0,0,0,0,0,0,0,0,0,0,0,0,0,4037,0,0,0,6257,0,0,0,0,0,0,0,0,0,3618,0,0,0,0,1056,0,0,2859,0,0,0,0,0,0,0,0,0,0,0,0,0,0,0,0,0,0,0,0,0
Clupea harengus,99.419,0,0,0,0,0,0,0,0,0,0,0,0,0,0,0,749,613,2556,0,0,0,1512,0,641,0,0,0,0,0,0,0,0,0,0,0,0,0,0,0,0,0,0,0,0,0,0,0,597,0,0,0,1055,0,0,0,0,0,0,0,0,0,514,0,0,0,0,504,0,0,0,0,0,0,0,0,0,0,0,0,0,0,0,0,0,0,0,0,0,0,0,0
Clupea harengus,99.419,0,0,0,0,0,0,0,0,0,0,0,0,0,0,0,3307,4048,15340,0,0,0,10722,0,5416,0,0,0,0,0,0,0,0,0,0,0,0,0,0,0,0,0,0,0,0,0,0,0,4288,0,0,0,5521,0,0,0,0,0,0,0,0,0,3644,0,0,0,0,1317,0,0,3141,0,0,0,0,0,0,0,0,0,0,0,0,0,0,0,0,0,0,0,0,0
Clupea harengus,100,0,0,0,0,0,0,0,0,0,0,0,0,0,0,0,2494,2381,9531,0,0,0,6553,0,2825,0,0,0,0,0,0,0,0,0,0,0,0,0,0,0,0,0,0,0,0,0,0,0,2714,0,0,0,4341,0,0,0,0,0,0,0,0,0,2504,0,0,0,0,752,0,0,2000,0,0,0,0,0,0,0,0,0,0,0,0,0,0,0,0,0,0,0,0,0
Clupea harengus,100,0,0,0,0,0,0,0,0,0,0,0,0,0,0,0,2690,2623,14010,0,0,0,9629,0,3796,0,0,0,0,0,0,0,0,0,0,0,0,0,0,0,0,0,0,0,0,0,0,0,3725,0,0,0,5169,0,0,0,0,0,0,0,0,0,2635,0,0,0,0,1065,0,0,2652,0,0,0,0,0,0,0,0,0,0,0,0,0,0,0,0,0,0,0,0,0
Clupea harengus,99.419,0,0,0,0,0,0,0,0,0,0,0,0,0,0,0,586,845,2923,0,0,0,1796,0,802,0,0,0,0,0,0,0,0,0,0,0,0,0,0,0,0,0,0,0,0,0,0,0,731,0,0,0,1131,0,0,0,0,0,0,0,0,0,608,0,0,0,0,0,0,0,560,0,0,0,0,0,0,0,0,0,0,0,0,0,0,0,0,0,0,0,0,0
Clupea harengus,99.419,0,0,0,0,0,0,0,0,0,0,0,0,0,0,0,6435,4990,19140,0,0,0,16644,0,70409,0,0,0,0,0,0,0,0,0,0,0,0,0,0,0,0,0,0,0,0,0,0,0,8942,0,0,0,9747,0,0,0,0,0,0,0,0,0,5122,0,0,0,0,1565,0,0,5793,0,0,0,0,0,0,0,0,0,0,0,0,0,0,0,0,0,0,0,0,0
Clupea harengus,99.419,0,0,0,0,0,0,0,0,0,0,0,0,0,0,0,3338,3561,11016,0,0,0,21753,0,3927,0,0,0,0,0,0,0,0,0,0,0,0,0,0,0,0,0,0,0,0,0,0,0,3976,0,0,0,5400,0,0,0,0,0,0,0,0,0,4426,0,0,0,0,908,0,0,2897,0,0,0,0,0,0,0,0,0,0,0,0,0,0,0,0,0,0,0,0,0
Clupea harengus,99.419,0,0,0,0,0,0,0,0,0,0,0,0,0,0,0,612,447,2099,0,0,0,1051,0,415,0,0,0,0,0,0,0,0,0,0,0,0,0,0,0,0,0,0,0,0,0,0,0,489,0,0,0,904,0,0,0,0,0,0,0,0,0,438,0,0,0,0,122,0,0,384,0,0,0,0,0,0,0,0,0,0,0,0,0,0,0,0,0,0,0,0,0
Clupea harengus,99.419,0,0,0,0,0,0,0,0,0,0,0,0,0,0,0,759,0,2916,0,0,0,2634,0,1245,0,0,0,0,0,0,0,0,0,0,0,0,0,0,0,0,0,0,0,0,0,0,0,876,0,0,0,1759,0,0,0,0,0,0,0,0,0,880,0,0,0,0,239,0,0,856,0,0,0,0,0,0,0,0,0,0,0,0,0,0,0,0,0,0,0,0,0
Clupea harengus,99.419,0,0,0,0,0,0,0,0,0,0,0,0,0,0,0,1370,0,3294,0,0,0,2738,0,1339,0,0,0,0,0,0,0,0,0,0,0,0,0,0,0,0,0,0,0,0,0,0,0,1053,0,0,0,1905,0,0,0,0,0,0,0,0,0,954,0,0,0,0,260,0,0,994,0,0,0,0,0,0,0,0,0,0,0,0,0,0,0,0,0,0,0,0,0
Clupea harengus,99.419,0,0,0,0,0,0,0,0,0,0,0,0,0,0,0,735,462,2773,0,0,0,2412,0,1210,0,0,0,0,0,0,0,0,0,0,0,0,0,0,0,0,0,0,0,0,0,0,0,959,0,0,0,1703,0,0,0,0,0,0,0,0,0,901,0,0,0,0,207,0,0,821,0,0,0,0,0,0,0,0,0,0,0,0,0,0,0,0,0,0,0,0,0
Clupea harengus,99.419,0,0,0,0,0,0,0,0,0,0,0,0,0,0,0,3544,3169,11295,0,0,0,13199,0,4565,0,0,0,0,0,0,0,0,0,0,0,0,0,0,0,0,0,0,0,0,0,0,0,4270,0,0,0,50520,0,0,0,0,0,0,0,0,0,3439,0,0,0,0,1501,0,0,23220,0,0,0,0,0,0,0,0,0,0,0,0,0,0,0,0,0,0,0,0,0
Clupea harengus,99.419,0,0,0,0,0,0,0,0,0,0,0,0,0,0,0,2888,2427,9421,0,0,0,7572,0,4270,0,0,0,0,0,0,0,0,0,0,0,0,0,0,0,0,0,0,0,0,0,0,0,8261,0,0,0,5117,0,0,0,0,0,0,0,0,0,2876,0,0,0,0,930,0,0,2249,0,0,0,0,0,0,0,0,0,0,0,0,0,0,0,0,0,0,0,0,0
Clupea harengus,99.419,0,0,0,0,0,0,0,0,0,0,0,0,0,0,0,2758,3586,8003,0,0,0,18092,0,2418,0,0,0,0,0,0,0,0,0,0,0,0,0,0,0,0,0,0,0,0,0,0,0,3156,0,0,0,3826,0,0,0,0,0,0,0,0,0,2043,0,0,0,0,614,0,0,2231,0,0,0,0,0,0,0,0,0,0,0,0,0,0,0,0,0,0,0,0,0
Clupea harengus,99.419,0,0,0,0,0,0,0,0,0,0,0,0,0,0,0,0,0,1703,0,0,0,1505,0,726,0,0,0,0,0,0,0,0,0,0,0,0,0,0,0,0,0,0,0,0,0,0,0,594,0,0,0,952,0,0,0,0,0,0,0,0,0,0,0,0,0,0,134,0,0,0,0,0,0,0,0,0,0,0,0,0,0,0,0,0,0,0,0,0,0,0,0
Clupea harengus,99.419,0,0,0,0,0,0,0,0,0,0,0,0,0,0,0,3305,2984,10305,0,0,0,8612,0,3981,0,0,0,0,0,0,0,0,0,0,0,0,0,0,0,0,0,0,0,0,0,0,0,5157,0,0,0,7560,0,0,0,0,0,0,0,0,0,4412,0,0,0,0,873,0,0,2888,0,0,0,0,0,0,0,0,0,0,0,0,0,0,0,0,0,0,0,0,0
Clupea harengus,99.419,0,0,0,0,0,0,0,0,0,0,0,0,0,0,0,4366,5004,23266,0,0,0,11944,0,5222,0,0,0,0,0,0,0,0,0,0,0,0,0,0,0,0,0,0,0,0,0,0,0,14167,0,0,0,8729,0,0,0,0,0,0,0,0,0,5465,0,0,0,0,1207,0,0,61102,0,0,0,0,0,0,0,0,0,0,0,0,0,0,0,0,0,0,0,0,0
Clupea harengus,99.419,0,0,0,0,0,0,0,0,0,0,0,0,0,0,0,4365,3918,16316,0,0,0,13739,0,4841,0,0,0,0,0,0,0,0,0,0,0,0,0,0,0,0,0,0,0,0,0,0,0,4318,0,0,0,7087,0,0,0,0,0,0,0,0,0,4386,0,0,0,0,1074,0,0,3706,0,0,0,0,0,0,0,0,0,0,0,0,0,0,0,0,0,0,0,0,0
Clupea harengus,99.419,0,0,0,0,0,0,0,0,0,0,0,0,0,0,0,867,479,3205,0,0,0,1534,0,702,0,0,0,0,0,0,0,0,0,0,0,0,0,0,0,0,0,0,0,0,0,0,0,944,0,0,0,5108,0,0,0,0,0,0,0,0,0,463,0,0,0,0,298,0,0,0,0,0,0,0,0,0,0,0,0,0,0,0,0,0,0,0,0,0,0,0,0
Clupea harengus,99.419,0,0,0,0,0,0,0,0,0,0,0,0,0,0,0,2369,2423,11197,0,0,0,6877,0,3099,0,0,0,0,0,0,0,0,0,0,0,0,0,0,0,0,0,0,0,0,0,0,0,2670,0,0,0,4738,0,0,0,0,0,0,0,0,0,4380,0,0,0,0,696,0,0,2674,0,0,0,0,0,0,0,0,0,0,0,0,0,0,0,0,0,0,0,0,0
Clupea harengus,99.419,0,0,0,0,0,0,0,0,0,0,0,0,0,0,0,3534,2961,15265,0,0,0,8546,0,5260,0,0,0,0,0,0,0,0,0,0,0,0,0,0,0,0,0,0,0,0,0,0,0,3806,0,0,0,6896,0,0,0,0,0,0,0,0,0,3324,0,0,0,0,848,0,0,3145,0,0,0,0,0,0,0,0,0,0,0,0,0,0,0,0,0,0,0,0,0
Clupea harengus,99.419,0,0,0,0,0,0,0,0,0,0,0,0,0,0,0,523,614,3113,0,0,0,0,0,0,0,0,0,0,0,0,0,0,0,0,0,0,0,0,0,0,0,0,0,0,0,0,0,624,0,0,0,946,0,0,0,0,0,0,0,0,0,547,0,0,0,0,119,0,0,450,0,0,0,0,0,0,0,0,0,0,0,0,0,0,0,0,0,0,0,0,0
Clupea harengus,99.419,0,0,0,0,0,0,0,0,0,0,0,0,0,0,0,5633,7459,18866,0,0,0,18478,0,17641,0,0,0,0,0,0,0,0,0,0,0,0,0,0,0,0,0,0,0,0,0,0,0,10463,0,0,0,12057,0,0,0,0,0,0,0,0,0,4993,0,0,0,0,1514,0,0,4751,0,0,0,0,0,0,0,0,0,0,0,0,0,0,0,0,0,0,0,0,0
Clupea harengus,99.419,0,0,0,0,0,0,0,0,0,0,0,0,0,0,0,428,385,1581,0,0,0,1397,0,764,0,0,0,0,0,0,0,0,0,0,0,0,0,0,0,0,0,0,0,0,0,0,0,441,0,0,0,864,0,0,0,0,0,0,0,0,0,475,0,0,0,0,116,0,0,0,0,0,0,0,0,0,0,0,0,0,0,0,0,0,0,0,0,0,0,0,0
Clupea harengus,99.419,0,0,0,0,0,0,0,0,0,0,0,0,0,0,0,3511,2906,9935,0,0,0,10739,0,3940,0,0,0,0,0,0,0,0,0,0,0,0,0,0,0,0,0,0,0,0,0,0,0,3603,0,0,0,26815,0,0,0,0,0,0,0,0,0,4695,0,0,0,0,969,0,0,2643,0,0,0,0,0,0,0,0,0,0,0,0,0,0,0,0,0,0,0,0,0
Clupea harengus,99.419,0,0,0,0,0,0,0,0,0,0,0,0,0,0,0,2290,6804,8633,0,0,0,8860,0,3181,0,0,0,0,0,0,0,0,0,0,0,0,0,0,0,0,0,0,0,0,0,0,0,2751,0,0,0,4150,0,0,0,0,0,0,0,0,0,2262,0,0,0,0,918,0,0,2378,0,0,0,0,0,0,0,0,0,0,0,0,0,0,0,0,0,0,0,0,0
Clupea harengus,99.419,0,0,0,0,0,0,0,0,0,0,0,0,0,0,0,3456,8361,10359,0,0,0,10290,0,6352,0,0,0,0,0,0,0,0,0,0,0,0,0,0,0,0,0,0,0,0,0,0,0,5088,0,0,0,6716,0,0,0,0,0,0,0,0,0,3426,0,0,0,0,973,0,0,3451,0,0,0,0,0,0,0,0,0,0,0,0,0,0,0,0,0,0,0,0,0
Clupea harengus,99.419,0,0,0,0,0,0,0,0,0,0,0,0,0,0,0,4612,3893,50150,0,0,0,10803,0,5412,0,0,0,0,0,0,0,0,0,0,0,0,0,0,0,0,0,0,0,0,0,0,0,5517,0,0,0,7603,0,0,0,0,0,0,0,0,0,4303,0,0,0,0,1358,0,0,3507,0,0,0,0,0,0,0,0,0,0,0,0,0,0,0,0,0,0,0,0,0
Clupea harengus,99.419,0,0,0,0,0,0,0,0,0,0,0,0,0,0,0,646,363,1631,0,0,0,2118,0,404,0,0,0,0,0,0,0,0,0,0,0,0,0,0,0,0,0,0,0,0,0,0,0,649,0,0,0,751,0,0,0,0,0,0,0,0,0,402,0,0,0,0,192,0,0,335,0,0,0,0,0,0,0,0,0,0,0,0,0,0,0,0,0,0,0,0,0
Clupea harengus,99.419,0,0,0,0,0,0,0,0,0,0,0,0,0,0,0,6475,5293,14160,0,0,0,11655,0,4940,0,0,0,0,0,0,0,0,0,0,0,0,0,0,0,0,0,0,0,0,0,0,0,4759,0,0,0,6434,0,0,0,0,0,0,0,0,0,3997,0,0,0,0,1196,0,0,3391,0,0,0,0,0,0,0,0,0,0,0,0,0,0,0,0,0,0,0,0,0
Clupea harengus,99.419,0,0,0,0,0,0,0,0,0,0,0,0,0,0,0,2481,2534,13363,0,0,0,5452,0,2652,0,0,0,0,0,0,0,0,0,0,0,0,0,0,0,0,0,0,0,0,0,0,0,5344,0,0,0,6766,0,0,0,0,0,0,0,0,0,2117,0,0,0,0,781,0,0,3518,0,0,0,0,0,0,0,0,0,0,0,0,0,0,0,0,0,0,0,0,0
Clupea harengus,99.419,0,0,0,0,0,0,0,0,0,0,0,0,0,0,0,3940,5400,46886,0,0,0,10325,0,7872,0,0,0,0,0,0,0,0,0,0,0,0,0,0,0,0,0,0,0,0,0,0,0,4596,0,0,0,8692,0,0,0,0,0,0,0,0,0,4354,0,0,0,0,1592,0,0,7618,0,0,0,0,0,0,0,0,0,0,0,0,0,0,0,0,0,0,0,0,0
Clupea harengus,99.419,0,0,0,0,0,0,0,0,0,0,0,0,0,0,0,5362,11349,20047,0,0,0,13153,0,6706,0,0,0,0,0,0,0,0,0,0,0,0,0,0,0,0,0,0,0,0,0,0,0,7902,0,0,0,8793,0,0,0,0,0,0,0,0,0,4976,0,0,0,0,1522,0,0,5116,0,0,0,0,0,0,0,0,0,0,0,0,0,0,0,0,0,0,0,0,0
Clupea harengus,99.419,0,0,0,0,0,0,0,0,0,0,0,0,0,0,0,365,670,1521,0,0,0,1345,0,493,0,0,0,0,0,0,0,0,0,0,0,0,0,0,0,0,0,0,0,0,0,0,0,640,0,0,0,824,0,0,0,0,0,0,0,0,0,497,0,0,0,0,118,0,0,545,0,0,0,0,0,0,0,0,0,0,0,0,0,0,0,0,0,0,0,0,0
Clupea harengus,100,0,0,0,0,0,0,0,0,0,0,0,0,0,0,0,6429,5556,22532,0,0,0,29535,0,9058,0,0,0,0,0,0,0,0,0,0,0,0,0,0,0,0,0,0,0,0,0,0,0,7328,0,0,0,14470,0,0,0,0,0,0,0,0,0,6615,2288227,0,0,0,1642,0,0,5825,0,0,0,0,0,0,0,0,0,0,0,0,0,0,0,0,0,0,0,0,0
Clupea harengus,99.419,0,0,0,0,0,0,0,0,0,0,0,0,0,0,0,611,495,3605,0,0,0,3348,0,660,0,0,0,0,0,0,0,0,0,0,0,0,0,0,0,0,0,0,0,0,0,0,0,985,0,0,0,1084,0,0,0,0,0,0,0,0,0,530,0,0,0,0,155,0,0,533,0,0,0,0,0,0,0,0,0,0,0,0,0,0,0,0,0,0,0,0,0
Clupea harengus,99.419,0,0,0,0,0,0,0,0,0,0,0,0,0,0,0,3865,3764,13295,0,0,0,12136,0,5437,0,0,0,0,0,0,0,0,0,0,0,0,0,0,0,0,0,0,0,0,0,0,0,5519,0,0,0,6796,0,0,0,0,0,0,0,0,0,5751,0,0,0,0,1460,0,0,3763,0,0,0,0,0,0,0,0,0,0,0,0,0,0,0,0,0,0,0,0,0
Clupea harengus,99.419,0,0,0,0,0,0,0,0,0,0,0,0,0,0,0,843,4460,2698,0,0,0,1779,0,787,0,0,0,0,0,0,0,0,0,0,0,0,0,0,0,0,0,0,0,0,0,0,0,972,0,0,0,1429,0,0,0,0,0,0,0,0,0,708,0,0,0,0,222,0,0,642,0,0,0,0,0,0,0,0,0,0,0,0,0,0,0,0,0,0,0,0,0
Clupea harengus,99.419,0,0,0,0,0,0,0,0,0,0,0,0,0,0,0,2562,2521,8143,0,0,0,7231,0,3545,0,0,0,0,0,0,0,0,0,0,0,0,0,0,0,0,0,0,0,0,0,0,0,3041,0,0,0,4134,0,0,0,0,0,0,0,0,0,2483,0,0,0,0,754,0,0,2262,0,0,0,0,0,0,0,0,0,0,0,0,0,0,0,0,0,0,0,0,0
Clupea harengus,99.419,0,0,0,0,0,0,0,0,0,0,0,0,0,0,0,8543,5183,16007,0,0,0,11551,0,5776,0,0,0,0,0,0,0,0,0,0,0,0,0,0,0,0,0,0,0,0,0,0,0,7097,0,0,0,8827,0,0,0,0,0,0,0,0,0,4943,0,0,0,0,1445,0,0,4670,0,0,0,0,0,0,0,0,0,0,0,0,0,0,0,0,0,0,0,0,0
Clupea harengus,99.419,0,0,0,0,0,0,0,0,0,0,0,0,0,0,0,7253,7065,25570,0,0,0,19607,0,10491,0,0,0,0,0,0,0,0,0,0,0,0,0,0,0,0,0,0,0,0,0,0,0,8973,0,0,0,12459,0,0,0,0,0,0,0,0,0,7461,0,0,0,0,1922,0,0,9733,0,0,0,0,0,0,0,0,0,0,0,0,0,0,0,0,0,0,0,0,0
Clupea harengus,99.419,0,0,0,0,0,0,0,0,0,0,0,0,0,0,0,4462,2836,11168,0,0,0,8107,0,4083,0,0,0,0,0,0,0,0,0,0,0,0,0,0,0,0,0,0,0,0,0,0,0,4574,0,0,0,5243,0,0,0,0,0,0,0,0,0,2694,0,0,0,0,842,0,0,2565,0,0,0,0,0,0,0,0,0,0,0,0,0,0,0,0,0,0,0,0,0
Clupea harengus,99.419,0,0,0,0,0,0,0,0,0,0,0,0,0,0,0,2328,1802,32099,0,0,0,6328,0,3004,0,0,0,0,0,0,0,0,0,0,0,0,0,0,0,0,0,0,0,0,0,0,0,2451,0,0,0,19256,0,0,0,0,0,0,0,0,0,1926,0,0,0,0,665,0,0,2758,0,0,0,0,0,0,0,0,0,0,0,0,0,0,0,0,0,0,0,0,0
Clupea harengus,99.419,0,0,0,0,0,0,0,0,0,0,0,0,0,0,0,1372,1044,4207,0,0,0,3041,0,6908,0,0,0,0,0,0,0,0,0,0,0,0,0,0,0,0,0,0,0,0,0,0,0,1248,0,0,0,2025,0,0,0,0,0,0,0,0,0,1547,0,0,0,0,537,0,0,1059,0,0,0,0,0,0,0,0,0,0,0,0,0,0,0,0,0,0,0,0,0
Clupea harengus,99.419,0,0,0,0,0,0,0,0,0,0,0,0,0,0,0,422,223,1359,0,0,0,1026,0,510,0,0,0,0,0,0,0,0,0,0,0,0,0,0,0,0,0,0,0,0,0,0,0,440,0,0,0,796,0,0,0,0,0,0,0,0,0,389,0,0,0,0,129,0,0,445,0,0,0,0,0,0,0,0,0,0,0,0,0,0,0,0,0,0,0,0,0
Clupea harengus,99.419,0,0,0,0,0,0,0,0,0,0,0,0,0,0,0,2198,1153,4737,0,0,0,3392,0,10638,0,0,0,0,0,0,0,0,0,0,0,0,0,0,0,0,0,0,0,0,0,0,0,1415,0,0,0,2244,0,0,0,0,0,0,0,0,0,1429,0,0,0,0,349,0,0,1177,0,0,0,0,0,0,0,0,0,0,0,0,0,0,0,0,0,0,0,0,0
Clupea harengus,99.419,0,0,0,0,0,0,0,0,0,0,0,0,0,0,0,2228,2261,7686,0,0,0,5834,0,2356,0,0,0,0,0,0,0,0,0,0,0,0,0,0,0,0,0,0,0,0,0,0,0,2292,0,0,0,3236,0,0,0,0,0,0,0,0,0,1760,0,0,0,0,609,0,0,1913,0,0,0,0,0,0,0,0,0,0,0,0,0,0,0,0,0,0,0,0,0
Clupea harengus,99.419,0,0,0,0,0,0,0,0,0,0,0,0,0,0,0,3009,2417,8266,0,0,0,10225,0,4159,0,0,0,0,0,0,0,0,0,0,0,0,0,0,0,0,0,0,0,0,0,0,0,2990,0,0,0,4272,0,0,0,0,0,0,0,0,0,5382,0,0,0,0,952,0,0,1901,0,0,0,0,0,0,0,0,0,0,0,0,0,0,0,0,0,0,0,0,0
Clupea harengus,99.419,0,0,0,0,0,0,0,0,0,0,0,0,0,0,0,339,368,1745,0,0,0,1067,0,408,0,0,0,0,0,0,0,0,0,0,0,0,0,0,0,0,0,0,0,0,0,0,0,401,0,0,0,780,0,0,0,0,0,0,0,0,0,487,0,0,0,0,106,0,0,336,0,0,0,0,0,0,0,0,0,0,0,0,0,0,0,0,0,0,0,0,0
Clupea harengus,99.419,0,0,0,0,0,0,0,0,0,0,0,0,0,0,0,5167,5752,14218,0,0,0,13260,0,4585,0,0,0,0,0,0,0,0,0,0,0,0,0,0,0,0,0,0,0,0,0,0,0,5927,0,0,0,8623,0,0,0,0,0,0,0,0,0,4933,0,0,0,0,1138,0,0,10735,0,0,0,0,0,0,0,0,0,0,0,0,0,0,0,0,0,0,0,0,0
Clupea harengus,99.419,0,0,0,0,0,0,0,0,0,0,0,0,0,0,0,1329,841,3497,0,0,0,2232,0,1363,0,0,0,0,0,0,0,0,0,0,0,0,0,0,0,0,0,0,0,0,0,0,0,977,0,0,0,1683,0,0,0,0,0,0,0,0,0,791,0,0,0,0,294,0,0,815,0,0,0,0,0,0,0,0,0,0,0,0,0,0,0,0,0,0,0,0,0
Clupea harengus,99.419,0,0,0,0,0,0,0,0,0,0,0,0,0,0,0,2280,6618,8660,0,0,0,7127,0,3374,0,0,0,0,0,0,0,0,0,0,0,0,0,0,0,0,0,0,0,0,0,0,0,7731,0,0,0,5656,0,0,0,0,0,0,0,0,0,2317,0,0,0,0,729,0,0,2935,0,0,0,0,0,0,0,0,0,0,0,0,0,0,0,0,0,0,0,0,0
Ammodytes dubius,100,0,0,0,0,0,0,0,0,0,0,0,0,0,0,0,0,0,0,0,0,0,0,0,0,755244,0,0,0,0,0,0,0,0,0,0,0,0,0,0,0,0,0,0,0,0,0,0,0,0,0,0,0,0,0,0,0,0,0,0,0,0,784008,0,0,0,0,0,0,0,0,0,0,0,0,0,0,0,0,0,0,0,0,0,0,0,0,0,0,0,0,0
Ammodytes dubius,99.408,0,0,0,0,0,0,0,0,0,0,0,0,0,0,0,0,0,0,0,0,0,0,0,0,3605,0,0,0,0,0,0,0,0,0,0,0,0,0,0,0,0,0,0,0,0,0,0,0,0,0,0,0,0,0,0,0,0,0,0,0,0,3125,0,0,0,0,0,0,0,0,0,0,0,0,0,0,0,0,0,0,0,0,0,0,0,0,0,0,0,0,0
Ammodytes dubius,99.408,0,0,0,0,0,0,0,0,0,0,0,0,0,0,0,0,0,0,0,0,0,0,0,0,3641,0,0,0,0,0,0,0,0,0,0,0,0,0,0,0,0,0,0,0,0,0,0,0,0,0,0,0,0,0,0,0,0,0,0,0,0,2588,0,0,0,0,0,0,0,0,0,0,0,0,0,0,0,0,0,0,0,0,0,0,0,0,0,0,0,0,0
Ammodytes dubius,99.408,0,0,0,0,0,0,0,0,0,0,0,0,0,0,0,0,0,0,0,0,0,0,0,0,2866,0,0,0,0,0,0,0,0,0,0,0,0,0,0,0,0,0,0,0,0,0,0,0,0,0,0,0,0,0,0,0,0,0,0,0,0,3724,0,0,0,0,0,0,0,0,0,0,0,0,0,0,0,0,0,0,0,0,0,0,0,0,0,0,0,0,0
Ammodytes dubius,99.408,0,0,0,0,0,0,0,0,0,0,0,0,0,0,0,0,0,0,0,0,0,0,0,0,2811,0,0,0,0,0,0,0,0,0,0,0,0,0,0,0,0,0,0,0,0,0,0,0,0,0,0,0,0,0,0,0,0,0,0,0,0,2776,0,0,0,0,0,0,0,0,0,0,0,0,0,0,0,0,0,0,0,0,0,0,0,0,0,0,0,0,0
Ammodytes dubius,99.408,0,0,0,0,0,0,0,0,0,0,0,0,0,0,0,0,0,0,0,0,0,0,0,0,2251,0,0,0,0,0,0,0,0,0,0,0,0,0,0,0,0,0,0,0,0,0,0,0,0,0,0,0,0,0,0,0,0,0,0,0,0,4392,0,0,0,0,0,0,0,0,0,0,0,0,0,0,0,0,0,0,0,0,0,0,0,0,0,0,0,0,0
Ammodytes dubius,99.408,0,0,0,0,0,0,0,0,0,0,0,0,0,0,0,0,0,0,0,0,0,0,0,0,4323,0,0,0,0,0,0,0,0,0,0,0,0,0,0,0,0,0,0,0,0,0,0,0,0,0,0,0,0,0,0,0,0,0,0,0,0,2792,0,0,0,0,0,0,0,0,0,0,0,0,0,0,0,0,0,0,0,0,0,0,0,0,0,0,0,0,0
Ammodytes dubius,99.408,0,0,0,0,0,0,0,0,0,0,0,0,0,0,0,0,0,0,0,0,0,0,0,0,4585,0,0,0,0,0,0,0,0,0,0,0,0,0,0,0,0,0,0,0,0,0,0,0,0,0,0,0,0,0,0,0,0,0,0,0,0,3218,0,0,0,0,0,0,0,0,0,0,0,0,0,0,0,0,0,0,0,0,0,0,0,0,0,0,0,0,0
Ammodytes dubius,99.408,0,0,0,0,0,0,0,0,0,0,0,0,0,0,0,0,0,0,0,0,0,0,0,0,3859,0,0,0,0,0,0,0,0,0,0,0,0,0,0,0,0,0,0,0,0,0,0,0,0,0,0,0,0,0,0,0,0,0,0,0,0,2865,0,0,0,0,0,0,0,0,0,0,0,0,0,0,0,0,0,0,0,0,0,0,0,0,0,0,0,0,0
Ammodytes americanus,100,0,0,0,0,0,0,0,0,0,0,0,0,0,0,0,0,2,0,0,0,0,0,0,0,3674,991686,3,0,0,0,0,0,31,0,26,0,0,0,0,0,0,0,0,0,0,0,0,0,0,0,0,0,0,0,0,0,0,0,0,0,0,3251,0,0,0,0,0,0,0,0,0,0,0,0,0,0,0,0,0,0,0,0,0,0,0,0,0,0,0,0,0
Ammodytes dubius,99.408,0,0,0,0,0,0,0,0,0,0,0,0,0,0,0,0,0,0,0,0,0,0,0,0,4081,0,0,0,0,0,0,0,0,0,0,0,0,0,0,0,0,0,0,0,0,0,0,0,0,0,0,0,0,0,0,0,0,0,0,0,0,2467,0,0,0,0,0,0,0,0,0,0,0,0,0,0,0,0,0,0,0,0,0,0,0,0,0,0,0,0,0
Ammodytes dubius,99.408,0,0,0,0,0,0,0,0,0,0,0,0,0,0,0,0,0,0,0,0,0,0,0,0,60756,0,0,0,0,0,0,0,0,0,0,0,0,0,0,0,0,0,0,0,0,0,0,0,0,0,0,0,0,0,0,0,0,0,0,0,0,2720,0,0,0,0,0,0,0,0,0,0,0,0,0,0,0,0,0,0,0,0,0,0,0,0,0,0,0,0,0
Ammodytes dubius,99.408,0,0,0,0,0,0,0,0,0,0,0,0,0,0,0,0,0,0,0,0,0,0,0,0,9057,0,0,0,0,0,0,0,0,0,0,0,0,0,0,0,0,0,0,0,0,0,0,0,0,0,0,0,0,0,0,0,0,0,0,0,0,4281,0,0,0,0,0,0,0,0,0,0,0,0,0,0,0,0,0,0,0,0,0,0,0,0,0,0,0,0,0
Ammodytes dubius,99.408,0,0,0,0,0,0,0,0,0,0,0,0,0,0,0,0,0,0,0,0,0,0,0,0,1130,0,0,0,0,0,0,0,0,0,0,0,0,0,0,0,0,0,0,0,0,0,0,0,0,0,0,0,0,0,0,0,0,0,0,0,0,547248,0,0,0,0,0,0,0,0,0,0,0,0,0,0,0,0,0,0,0,0,0,0,0,0,0,0,0,0,0
Ammodytes dubius,99.408,0,0,0,0,0,0,0,0,0,0,0,0,0,0,0,0,0,0,0,0,0,0,0,0,3813,0,0,0,0,0,0,0,0,0,0,0,0,0,0,0,0,0,0,0,0,0,0,0,0,0,0,0,0,0,0,0,0,0,0,0,0,2474,0,0,0,0,0,0,0,0,0,0,0,0,0,0,0,0,0,0,0,0,0,0,0,0,0,0,0,0,0
Myoxocephalus scorpius,100,0,0,466420,0,0,0,0,0,0,0,0,0,0,0,0,0,0,0,0,0,0,0,0,0,0,0,0,0,0,0,0,0,0,0,0,0,0,0,0,0,0,0,0,0,0,0,0,0,0,0,0,0,0,0,0,0,0,0,0,0,0,0,0,0,0,0,0,0,0,0,0,0,0,0,0,0,0,0,0,0,0,0,0,539470,0,0,0,0,0,0,0
Pholis gunnellus,100,0,0,0,0,0,0,0,0,0,0,0,0,0,0,0,0,0,0,0,0,0,0,0,0,0,0,0,0,0,0,0,0,0,0,0,0,0,0,0,0,0,0,0,0,511743,0,0,0,0,0,0,0,0,0,0,0,0,0,0,0,0,0,0,0,0,0,0,0,0,0,0,0,0,0,0,0,0,0,0,0,0,0,0,736810,0,0,0,0,0,0,0
Pholis gunnellus,99.405,0,0,0,0,0,0,0,0,0,0,0,0,0,0,0,0,0,0,0,0,0,0,0,0,0,0,0,0,0,0,0,0,0,0,0,0,0,0,0,0,0,0,0,0,2174,0,0,0,0,0,0,0,0,0,0,0,0,0,0,0,0,0,0,0,0,0,0,0,0,0,0,0,0,0,0,0,0,0,0,0,0,0,0,3424,0,0,0,0,0,0,0
Pholis gunnellus,99.405,0,0,0,0,0,0,0,0,0,0,0,0,0,0,0,0,0,0,0,0,0,0,0,0,0,0,0,0,0,0,0,0,0,0,0,0,0,0,0,0,0,0,0,0,1184,0,0,0,0,0,0,0,0,0,0,0,0,0,0,0,0,0,0,0,0,0,0,0,0,0,0,0,0,0,0,0,0,0,0,0,0,0,0,180649,0,0,0,0,0,0,0
Pholis gunnellus,99.405,0,0,0,0,0,0,0,0,0,0,0,0,0,0,0,0,0,0,0,0,0,0,0,0,0,0,0,0,0,0,0,0,0,0,0,0,0,0,0,0,0,0,0,0,3007,0,0,0,0,0,0,0,0,0,0,0,0,0,0,0,0,0,0,0,0,0,0,0,0,0,0,0,0,0,0,0,0,0,0,0,0,0,0,2557,0,0,0,0,0,0,0
Pholis gunnellus,99.405,0,0,0,0,0,0,0,0,0,0,0,0,0,0,0,0,0,0,0,0,0,0,0,0,0,0,0,0,0,0,0,0,0,0,0,0,0,0,0,0,0,0,0,0,2266,0,0,0,0,0,0,0,0,0,0,0,0,0,0,0,0,0,0,0,0,0,0,0,0,0,0,0,0,0,0,0,0,0,0,0,0,0,0,5872,0,0,0,0,0,0,0
Pholis gunnellus,99.405,0,0,0,0,0,0,0,0,0,0,0,0,0,0,0,0,0,0,0,0,0,0,0,0,0,0,0,0,0,0,0,0,0,0,0,0,0,0,0,0,0,0,0,0,4384,0,0,0,0,0,0,0,0,0,0,0,0,0,0,0,0,0,0,0,0,0,0,0,0,0,0,0,0,0,0,0,0,0,0,0,0,0,0,1741,0,0,0,0,0,0,0
Pholis gunnellus,99.405,0,0,0,0,0,0,0,0,0,0,0,0,0,0,0,0,0,0,0,0,0,0,0,0,0,0,0,0,0,0,0,0,0,0,0,0,0,0,0,0,0,0,0,0,2853,0,0,0,0,0,0,0,0,0,0,0,0,0,0,0,0,0,0,0,0,0,0,0,0,0,0,0,0,0,0,0,0,0,0,0,0,0,0,4848,0,0,0,0,0,0,0
Pholis gunnellus,99.405,0,0,0,0,0,0,0,0,0,0,0,0,0,0,0,0,0,0,0,0,0,0,0,0,0,0,0,0,0,0,0,0,0,0,0,0,0,0,0,0,0,0,0,0,2935,0,0,0,0,0,0,0,0,0,0,0,0,0,0,0,0,0,0,0,0,0,0,0,0,0,0,0,0,0,0,0,0,0,0,0,0,0,0,4271,0,0,0,0,0,0,0
Lumpenus lampretaeformis,100,0,0,0,0,0,0,0,0,23,0,28,0,0,0,0,0,0,0,0,0,46870,0,0,0,0,0,0,0,0,0,0,0,0,0,0,0,0,0,0,0,0,0,0,0,0,0,0,0,0,0,0,0,0,0,0,0,0,0,0,0,0,0,0,0,0,0,0,0,0,0,0,0,0,0,0,0,0,0,0,0,0,0,0,0,0,0,0,0,118479,0,0
Tautogolabrus adspersus,99.412,8143,3873,0,0,0,0,0,0,0,0,0,10772,0,0,0,0,0,0,0,0,0,0,0,0,0,0,0,0,0,0,0,0,0,11529,0,0,0,0,4025,1023,0,0,0,0,17354,0,1153,404,0,0,0,0,0,0,0,0,0,0,0,0,0,0,0,0,0,0,0,0,0,0,0,0,0,0,0,0,0,0,0,0,0,0,0,0,0,1075,0,0,0,0,0
Clupea harengus,99.419,0,0,0,0,0,0,0,0,0,0,0,0,0,0,0,5420,4256,17575,0,0,0,13868,0,7996,0,0,0,0,0,0,0,0,0,0,0,0,0,0,0,0,0,0,0,0,0,0,0,5109,0,0,0,15572,0,0,0,0,0,0,0,0,0,14886,0,0,0,0,1821,0,0,4740,0,0,0,0,0,0,0,0,0,0,0,0,0,0,0,0,0,0,0,0,0
Clupea harengus,99.419,0,0,0,0,0,0,0,0,0,0,0,0,0,0,0,870,601,2069,0,0,0,1465,0,1051,0,0,0,0,0,0,0,0,0,0,0,0,0,0,0,0,0,0,0,0,0,0,0,1962,0,0,0,1031,0,0,0,0,0,0,0,0,0,544,0,0,0,0,150,0,0,940,0,0,0,0,0,0,0,0,0,0,0,0,0,0,0,0,0,0,0,0,0
Tautogolabrus adspersus,99.412,5289,6076,0,0,0,0,0,0,0,0,0,11968,0,0,0,0,0,0,0,0,0,0,0,0,0,0,0,0,0,0,0,0,0,12035,0,0,0,0,3123,920,0,0,0,0,10832,0,1566,581,0,0,0,0,0,0,0,0,0,0,0,0,0,0,0,0,0,0,0,0,0,0,0,0,0,0,0,0,0,0,0,0,0,0,0,0,0,1324,0,0,0,0,0
Clupea harengus,99.419,0,0,0,0,0,0,0,0,0,0,0,0,0,0,2174255,5615,5032,16732,0,0,0,13032,0,14944,0,0,432,0,0,0,0,0,0,0,0,0,0,0,0,0,0,0,0,0,0,0,0,5604,0,0,0,13392,0,0,0,0,0,0,0,0,0,11345,0,0,0,0,1415,0,0,4322,0,0,0,0,0,0,0,0,0,0,0,0,0,0,0,0,0,0,0,0,0
Tautogolabrus adspersus,99.412,681,354,0,0,0,0,0,0,0,0,0,1280,0,0,0,0,0,0,0,0,0,0,0,0,0,0,0,0,0,0,0,0,0,1613,0,0,0,0,455,127,0,0,0,0,1073,0,123,46,0,0,0,0,0,0,0,0,0,0,0,0,0,0,0,0,0,0,0,0,0,0,0,0,0,0,0,0,0,0,0,0,0,0,0,0,0,0,0,0,0,0,0
Clupea harengus,99.419,0,0,0,0,0,0,0,0,0,0,0,0,0,0,1176,685,566,1841,0,0,0,1464,0,661,0,0,0,0,0,0,0,0,0,0,0,0,0,0,0,0,0,0,0,0,0,0,0,630,0,0,0,1168,0,0,0,0,0,0,0,0,0,581,0,0,0,0,309,0,0,923,0,0,0,0,0,0,0,0,0,0,0,0,0,0,0,0,0,0,0,0,0
Scomber scombrus,99.408,0,0,0,0,0,0,0,0,0,0,0,0,0,0,0,0,0,0,0,0,0,0,0,0,0,0,0,0,0,0,0,0,0,0,0,0,17556,0,0,0,0,0,0,0,0,0,0,0,0,0,0,0,0,0,0,0,0,0,0,0,0,0,0,0,0,0,0,0,0,0,0,0,0,0,0,0,0,0,0,0,0,0,0,0,0,0,0,0,0,0,0
Scomber scombrus,100,0,0,0,0,0,0,18,0,46,0,48,0,0,0,0,0,0,0,0,0,0,0,0,6,0,37,0,0,0,2,0,0,0,792773,0,0,1182497,0,0,0,0,0,0,0,0,0,0,0,0,0,0,0,0,0,0,0,0,0,0,0,0,0,0,0,0,0,444277,0,0,0,0,0,0,0,0,0,0,583,0,0,0,0,0,0,582719,0,0,0,272720,0,0
Scomber scombrus,100,0,0,0,0,0,0,0,0,0,0,0,0,0,0,0,0,0,0,0,0,0,0,0,0,0,0,0,0,0,0,0,0,0,8858,0,0,16058,0,0,0,0,0,0,0,0,0,0,0,0,0,0,0,0,0,0,0,0,0,0,0,0,0,0,0,0,0,6287,0,0,0,0,0,0,0,0,0,0,0,0,0,0,0,0,0,6652,0,0,0,3245,0,0
Scomber scombrus,100,0,0,0,0,0,0,0,0,0,0,0,0,0,0,0,0,0,0,0,0,0,0,0,0,0,0,0,0,0,0,0,0,0,2294,0,0,3318,0,0,0,0,0,0,0,0,0,0,0,0,0,0,0,0,0,0,0,0,0,0,0,0,0,0,0,0,0,1359,0,0,0,0,0,0,0,0,0,0,0,0,0,0,0,0,0,2678,0,0,0,878,0,0
Scomber scombrus,99.408,0,0,0,0,0,0,0,0,0,0,0,0,0,0,0,0,0,0,0,0,0,0,0,0,0,0,0,0,0,0,0,0,0,1666,0,0,2884,0,0,0,0,0,0,0,0,0,0,0,0,0,0,0,0,0,0,0,0,0,0,0,0,0,0,0,0,0,1038,0,0,0,0,0,0,0,0,0,0,0,0,0,0,0,0,0,1310,0,0,0,637,0,0
Scomber scombrus,99.408,0,0,0,0,0,0,0,0,0,0,0,0,0,0,0,0,0,0,0,0,0,0,0,0,0,0,0,0,0,0,0,0,0,3123,0,0,4710,0,0,0,0,0,0,0,0,0,0,0,0,0,0,0,0,0,0,0,0,0,0,0,0,0,0,0,0,0,1908,0,0,0,0,0,0,0,0,0,0,0,0,0,0,0,0,0,2296,0,0,0,1069,0,0
Scomber scombrus,99.408,0,0,0,0,0,0,0,0,0,0,0,0,0,0,0,0,0,0,0,0,0,0,0,0,0,0,0,0,0,0,0,0,0,2308,0,0,3851,0,0,0,0,0,0,0,0,0,0,0,0,0,0,0,0,0,0,0,0,0,0,0,0,0,0,0,0,0,1294,0,0,0,0,0,0,0,0,0,0,0,0,0,0,0,0,0,2713,0,0,0,1021,0,0
Scomber scombrus,99.408,0,0,0,0,0,0,0,0,0,0,0,0,0,0,0,0,0,0,0,0,0,0,0,0,0,0,0,0,0,0,0,0,0,3713,0,0,6502,0,0,0,0,0,0,0,0,0,0,0,0,0,0,0,0,0,0,0,0,0,0,0,0,0,0,0,0,0,1833,0,0,0,0,0,0,0,0,0,0,0,0,0,0,0,0,0,1929,0,0,0,731,0,0
Scomber scombrus,99.408,0,0,0,0,0,0,0,0,0,0,0,0,0,0,0,0,0,0,0,0,0,0,0,0,0,0,0,0,0,0,0,0,0,2059,0,0,3745,0,0,0,0,0,0,0,0,0,0,0,0,0,0,0,0,0,0,0,0,0,0,0,0,0,0,0,0,0,1009,0,0,0,0,0,0,0,0,0,0,0,0,0,0,0,0,0,1324,0,0,0,821,0,0
Scomber scombrus,99.408,0,0,0,0,0,0,0,0,0,0,0,0,0,0,0,0,0,0,0,0,0,0,0,0,0,0,0,0,0,0,0,0,0,1574,0,0,2366,0,0,0,0,0,0,0,0,0,0,0,0,0,0,0,0,0,0,0,0,0,0,0,0,0,0,0,0,0,1309,0,0,0,0,0,0,0,0,0,0,0,0,0,0,0,0,0,1491,0,0,0,571,0,0
Scomber scombrus,99.408,0,0,0,0,0,0,0,0,0,0,0,0,0,0,0,0,0,0,0,0,0,0,0,0,0,0,0,0,0,0,0,0,0,1633,0,0,2209,0,0,0,0,0,0,0,0,0,0,0,0,0,0,0,0,0,0,0,0,0,0,0,0,0,0,0,0,0,878,0,0,0,0,0,0,0,0,0,0,0,0,0,0,0,0,0,1107,0,0,0,570,0,0
Scomber scombrus,99.408,0,0,0,0,0,0,0,0,0,0,0,0,0,0,0,0,0,0,0,0,0,0,0,0,0,0,0,0,0,0,0,0,0,2883,0,0,4859,0,0,0,0,0,0,0,0,0,0,0,0,0,0,0,0,0,0,0,0,0,0,0,0,0,0,0,0,0,1905,0,0,0,0,0,0,0,0,0,0,0,0,0,0,0,0,0,2898,0,0,0,1280,0,0
Scomber scombrus,99.408,0,0,0,0,0,0,0,0,0,0,0,0,0,0,0,0,0,0,0,0,0,0,0,0,0,0,0,0,0,0,0,0,0,3186,0,0,4113,0,0,0,0,0,0,0,0,0,0,0,0,0,0,0,0,0,0,0,0,0,0,0,0,0,0,0,0,0,1490,0,0,0,0,0,0,0,0,0,0,0,0,0,0,0,0,0,1860,0,0,0,786,0,0
Scomber scombrus,99.408,0,0,0,0,0,0,0,0,0,0,0,0,0,0,0,0,0,0,0,0,0,0,0,0,0,0,0,0,0,0,0,0,0,6395,0,0,5132,0,0,0,0,0,0,0,0,0,0,0,0,0,0,0,0,0,0,0,0,0,0,0,0,0,0,0,0,0,1180,0,0,0,0,0,0,0,0,0,0,0,0,0,0,0,0,0,2210,0,0,0,1340,0,0
Scomber scombrus,99.408,0,0,0,0,0,0,0,0,0,0,0,0,0,0,0,0,0,0,0,0,0,0,0,0,0,0,0,0,0,0,0,0,0,2099,0,0,2912,0,0,0,0,0,0,0,0,0,0,0,0,0,0,0,0,0,0,0,0,0,0,0,0,0,0,0,0,0,3263,0,0,0,0,0,0,0,0,0,0,0,0,0,0,0,0,0,13350,0,0,0,647,0,0
Scomber scombrus,99.408,0,0,0,0,0,0,0,0,0,0,0,0,0,0,0,0,0,0,0,0,0,0,0,0,0,0,0,0,0,0,0,0,0,4054,0,0,4877,0,0,0,0,0,0,0,0,0,0,0,0,0,0,0,0,0,0,0,0,0,0,0,0,0,0,0,0,0,1795,0,0,0,0,0,0,0,0,0,0,0,0,0,0,0,0,0,1792,0,0,0,1190,0,0
Scomber scombrus,99.408,0,0,0,0,0,0,0,0,0,0,0,0,0,0,0,0,0,0,0,0,0,0,0,0,0,0,0,0,0,0,0,0,0,2712,0,0,3561,0,0,0,0,0,0,0,0,0,0,0,0,0,0,0,0,0,0,0,0,0,0,0,0,0,0,0,0,0,1290,0,0,0,0,0,0,0,0,0,0,0,0,0,0,0,0,0,2254,0,0,0,923,0,0
Scomber scombrus,99.408,0,0,0,0,0,0,0,0,0,0,0,0,0,0,0,0,0,0,0,0,0,0,0,0,0,0,0,0,0,0,0,0,0,2921,0,0,5090,0,0,0,0,0,0,0,0,0,0,0,0,0,0,0,0,0,0,0,0,0,0,0,0,0,0,0,0,0,1481,0,0,0,0,0,0,0,0,0,0,0,0,0,0,0,0,0,1861,0,0,0,924,0,0
Scomber scombrus,99.408,0,0,0,0,0,0,0,0,0,0,0,0,0,0,0,0,0,0,0,0,0,0,0,0,0,0,0,0,0,0,0,0,0,2886,0,0,5627,0,0,0,0,0,0,0,0,0,0,0,0,0,0,0,0,0,0,0,0,0,0,0,0,0,0,0,0,0,1937,0,0,0,0,0,0,0,0,0,0,0,0,0,0,0,0,0,3347,0,0,0,1282,0,0
Scomber scombrus,99.408,0,0,0,0,0,0,0,0,0,0,0,0,0,0,0,0,0,0,0,0,0,0,0,0,0,0,0,0,0,0,0,0,0,5808,0,0,2962,0,0,0,0,0,0,0,0,0,0,0,0,0,0,0,0,0,0,0,0,0,0,0,0,0,0,0,0,0,2754,0,0,0,0,0,0,0,0,0,0,0,0,0,0,0,0,0,1068,0,0,0,970,0,0
Scomber scombrus,99.408,0,0,0,0,0,0,0,0,0,0,0,0,0,0,0,0,0,0,0,0,0,0,0,0,0,0,0,0,0,0,0,0,0,26039,0,0,0,0,0,0,0,0,0,0,0,0,0,0,0,0,0,0,0,0,0,0,0,0,0,0,0,0,0,0,0,0,0,0,0,0,0,0,0,0,0,0,0,0,0,0,0,0,0,0,0,0,0,0,0,0,0
Scomber scombrus,99.408,0,0,0,0,0,0,0,0,0,0,0,0,0,0,0,0,0,0,0,0,0,0,0,0,0,0,0,0,0,0,0,0,0,1277,0,0,2602,0,0,0,0,0,0,0,0,0,0,0,0,0,0,0,0,0,0,0,0,0,0,0,0,0,0,0,0,0,802,0,0,0,0,0,0,0,0,0,0,0,0,0,0,0,0,0,795,0,0,0,519,0,0
Scomber scombrus,99.408,0,0,0,0,0,0,0,0,0,0,0,0,0,0,0,0,0,0,0,0,0,0,0,0,0,0,0,0,0,0,0,0,0,2155,0,0,3262,0,0,0,0,0,0,0,0,0,0,0,0,0,0,0,0,0,0,0,0,0,0,0,0,0,0,0,0,0,1226,0,0,0,0,0,0,0,0,0,0,0,0,0,0,0,0,0,1225,0,0,0,759,0,0
Scomber scombrus,99.408,0,0,0,0,0,0,0,0,0,0,0,0,0,0,0,0,0,0,0,0,0,0,0,0,0,0,0,0,0,0,0,0,0,3611,0,0,4104,0,0,0,0,0,0,0,0,0,0,0,0,0,0,0,0,0,0,0,0,0,0,0,0,0,0,0,0,0,1365,0,0,0,0,0,0,0,0,0,0,0,0,0,0,0,0,0,1919,0,0,0,1516,0,0
Scomber scombrus,99.408,0,0,0,0,0,0,0,0,0,0,0,0,0,0,0,0,0,0,0,0,0,0,0,0,0,0,0,0,0,0,0,0,0,2289,0,0,4549,0,0,0,0,0,0,0,0,0,0,0,0,0,0,0,0,0,0,0,0,0,0,0,0,0,0,0,0,0,1383,0,0,0,0,0,0,0,0,0,0,0,0,0,0,0,0,0,1482,0,0,0,907,0,0
Scomber scombrus,99.408,0,0,0,0,0,0,0,0,0,0,0,0,0,0,0,0,0,0,0,0,0,0,0,0,0,0,0,0,0,0,0,0,0,2194,0,0,4192,0,0,0,0,0,0,0,0,0,0,0,0,0,0,0,0,0,0,0,0,0,0,0,0,0,0,0,0,0,2135,0,0,0,0,0,0,0,0,0,0,0,0,0,0,0,0,0,1640,0,0,0,733,0,0
Scomber scombrus,99.408,0,0,0,0,0,0,0,0,0,0,0,0,0,0,0,0,0,0,0,0,0,0,0,0,0,0,0,0,0,0,0,0,0,3748,0,0,4680,0,0,0,0,0,0,0,0,0,0,0,0,0,0,0,0,0,0,0,0,0,0,0,0,0,0,0,0,0,2856,0,0,0,0,0,0,0,0,0,0,0,0,0,0,0,0,0,2253,0,0,0,1496,0,0
Scomber scombrus,99.408,0,0,0,0,0,0,0,0,0,0,0,0,0,0,0,0,0,0,0,0,0,0,0,0,0,0,0,0,0,0,0,0,0,1538,0,0,2458,0,0,0,0,0,0,0,0,0,0,0,0,0,0,0,0,0,0,0,0,0,0,0,0,0,0,0,0,0,3619,0,0,0,0,0,0,0,0,0,0,0,0,0,0,0,0,0,1618,0,0,0,631,0,0
Scomber scombrus,99.408,0,0,0,0,0,0,0,0,0,0,0,0,0,0,0,0,0,0,0,0,0,0,0,0,0,0,0,0,0,0,0,0,0,3167,0,0,42772,0,0,0,0,0,0,0,0,0,0,0,0,0,0,0,0,0,0,0,0,0,0,0,0,0,0,0,0,0,1697,0,0,0,0,0,0,0,0,0,0,0,0,0,0,0,0,0,1729,0,0,0,1212,0,0
Scomber scombrus,99.408,0,0,0,0,0,0,0,0,0,0,0,0,0,0,0,0,0,0,0,0,0,0,0,0,0,0,0,0,0,0,0,0,0,2171,0,0,4082,0,0,0,0,0,0,0,0,0,0,0,0,0,0,0,0,0,0,0,0,0,0,0,0,0,0,0,0,0,1005,0,0,0,0,0,0,0,0,0,0,0,0,0,0,0,0,0,1374,0,0,0,1216,0,0
Scomber scombrus,99.408,0,0,0,0,0,0,0,0,0,0,0,0,0,0,0,0,0,0,0,0,0,0,0,0,0,0,0,0,0,0,0,0,0,1361,0,0,2132,0,0,0,0,0,0,0,0,0,0,0,0,0,0,0,0,0,0,0,0,0,0,0,0,0,0,0,0,0,810,0,0,0,0,0,0,0,0,0,0,0,0,0,0,0,0,0,1311,0,0,0,600,0,0
Scomber scombrus,99.408,0,0,0,0,0,0,0,0,0,0,0,0,0,0,0,0,0,0,0,0,0,0,0,0,0,0,0,0,0,0,0,0,0,3217,0,0,10573,0,0,0,0,0,0,0,0,0,0,0,0,0,0,0,0,0,0,0,0,0,0,0,0,0,0,0,0,0,2199,0,0,0,0,0,0,0,0,0,0,0,0,0,0,0,0,0,1788,0,0,0,960,0,0
Scomber scombrus,99.408,0,0,0,0,0,0,0,0,0,0,0,0,0,0,0,0,0,0,0,0,0,0,0,0,0,0,0,0,0,0,0,0,0,5157,0,0,3336,0,0,0,0,0,0,0,0,0,0,0,0,0,0,0,0,0,0,0,0,0,0,0,0,0,0,0,0,0,1663,0,0,0,0,0,0,0,0,0,0,0,0,0,0,0,0,0,1334,0,0,0,757,0,0
Scomber scombrus,99.408,0,0,0,0,0,0,0,0,0,0,0,0,0,0,0,0,0,0,0,0,0,0,0,0,0,0,0,0,0,0,0,0,0,1999,0,0,6872,0,0,0,0,0,0,0,0,0,0,0,0,0,0,0,0,0,0,0,0,0,0,0,0,0,0,0,0,0,1108,0,0,0,0,0,0,0,0,0,0,0,0,0,0,0,0,0,1441,0,0,0,1035,0,0
Scomber scombrus,99.408,0,0,0,0,0,0,0,0,0,0,0,0,0,0,0,0,0,0,0,0,0,0,0,0,0,0,0,0,0,0,0,0,0,2248,0,0,2681,0,0,0,0,0,0,0,0,0,0,0,0,0,0,0,0,0,0,0,0,0,0,0,0,0,0,0,0,0,771,0,0,0,0,0,0,0,0,0,0,0,0,0,0,0,0,0,1293,0,0,0,468,0,0
Scomber scombrus,99.408,0,0,0,0,0,0,0,0,0,0,0,0,0,0,0,0,0,0,0,0,0,0,0,0,0,0,0,0,0,0,0,0,0,4280,0,0,3318,0,0,0,0,0,0,0,0,0,0,0,0,0,0,0,0,0,0,0,0,0,0,0,0,0,0,0,0,0,1320,0,0,0,0,0,0,0,0,0,0,0,0,0,0,0,0,0,1206,0,0,0,1187,0,0
Scomber scombrus,99.408,0,0,0,0,0,0,0,0,0,0,0,0,0,0,0,0,0,0,0,0,0,0,0,0,0,0,0,0,0,0,0,0,0,2854,0,0,4354,0,0,0,0,0,0,0,0,0,0,0,0,0,0,0,0,0,0,0,0,0,0,0,0,0,0,0,0,0,1544,0,0,0,0,0,0,0,0,0,0,0,0,0,0,0,0,0,1838,0,0,0,886,0,0
Scomber scombrus,99.408,0,0,0,0,0,0,0,0,0,0,0,0,0,0,0,0,0,0,0,0,0,0,0,0,0,0,0,0,0,0,0,0,0,3352,0,0,4344,0,0,0,0,0,0,0,0,0,0,0,0,0,0,0,0,0,0,0,0,0,0,0,0,0,0,0,0,0,3857,0,0,0,0,0,0,0,0,0,0,0,0,0,0,0,0,0,2508,0,0,0,939,0,0
Scomber scombrus,99.408,0,0,0,0,0,0,0,0,0,0,0,0,0,0,0,0,0,0,0,0,0,0,0,0,0,0,0,0,0,0,0,0,0,2926,0,0,7817,0,0,0,0,0,0,0,0,0,0,0,0,0,0,0,0,0,0,0,0,0,0,0,0,0,0,0,0,0,1816,0,0,0,0,0,0,0,0,0,0,0,0,0,0,0,0,0,1824,0,0,0,854,0,0
Scomber scombrus,99.408,0,0,0,0,0,0,0,0,0,0,0,0,0,0,0,0,0,0,0,0,0,0,0,0,0,0,0,0,0,0,0,0,0,1879,0,0,5256,0,0,0,0,0,0,0,0,0,0,0,0,0,0,0,0,0,0,0,0,0,0,0,0,0,0,0,0,0,991,0,0,0,0,0,0,0,0,0,0,0,0,0,0,0,0,0,1174,0,0,0,797,0,0
Scomber scombrus,99.408,0,0,0,0,0,0,0,0,0,0,0,0,0,0,0,0,0,0,0,0,0,0,0,0,0,0,0,0,0,0,0,0,0,3975,0,0,6631,0,0,0,0,0,0,0,0,0,0,0,0,0,0,0,0,0,0,0,0,0,0,0,0,0,0,0,0,0,2539,0,0,0,0,0,0,0,0,0,0,0,0,0,0,0,0,0,2586,0,0,0,1801,0,0
Scomber scombrus,99.408,0,0,0,0,0,0,0,0,0,0,0,0,0,0,0,0,0,0,0,0,0,0,0,0,0,0,0,0,0,0,0,0,0,1822,0,0,3294,0,0,0,0,0,0,0,0,0,0,0,0,0,0,0,0,0,0,0,0,0,0,0,0,0,0,0,0,0,1097,0,0,0,0,0,0,0,0,0,0,0,0,0,0,0,0,0,1527,0,0,0,826,0,0
Scomber scombrus,99.408,0,0,0,0,0,0,0,0,0,0,0,0,0,0,0,0,0,0,0,0,0,0,0,0,0,0,0,0,0,0,0,0,0,2557,0,0,3595,0,0,0,0,0,0,0,0,0,0,0,0,0,0,0,0,0,0,0,0,0,0,0,0,0,0,0,0,0,1368,0,0,0,0,0,0,0,0,0,0,0,0,0,0,0,0,0,2254,0,0,0,844,0,0
Scomber scombrus,99.408,0,0,0,0,0,0,0,0,0,0,0,0,0,0,0,0,0,0,0,0,0,0,0,0,0,0,0,0,0,0,0,0,0,2770,0,0,5241,0,0,0,0,0,0,0,0,0,0,0,0,0,0,0,0,0,0,0,0,0,0,0,0,0,0,0,0,0,1769,0,0,0,0,0,0,0,0,0,0,0,0,0,0,0,0,0,1720,0,0,0,1755,0,0
Scomber scombrus,99.408,0,0,0,0,0,0,0,0,0,0,0,0,0,0,0,0,0,0,0,0,0,0,0,0,0,0,0,0,0,0,0,0,0,2577,0,0,3731,0,0,0,0,0,0,0,0,0,0,0,0,0,0,0,0,0,0,0,0,0,0,0,0,0,0,0,0,0,1567,0,0,0,0,0,0,0,0,0,0,0,0,0,0,0,0,0,2103,0,0,0,1040,0,0
Scomber scombrus,99.408,0,0,0,0,0,0,0,0,0,0,0,0,0,0,0,0,0,0,0,0,0,0,0,0,0,0,0,0,0,0,0,0,0,1926,0,0,2962,0,0,0,0,0,0,0,0,0,0,0,0,0,0,0,0,0,0,0,0,0,0,0,0,0,0,0,0,0,1041,0,0,0,0,0,0,0,0,0,0,0,0,0,0,0,0,0,1108,0,0,0,605,0,0
Scomber scombrus,99.408,0,0,0,0,0,0,0,0,0,0,0,0,0,0,0,0,0,0,0,0,0,0,0,0,0,0,0,0,0,0,0,0,0,1509,0,0,2854,0,0,0,0,0,0,0,0,0,0,0,0,0,0,0,0,0,0,0,0,0,0,0,0,0,0,0,0,0,1240,0,0,0,0,0,0,0,0,0,0,0,0,0,0,0,0,0,1124,0,0,0,566,0,0
Scomber scombrus,99.408,0,0,0,0,0,0,0,0,0,0,0,0,0,0,0,0,0,0,0,0,0,0,0,0,0,0,0,0,0,0,0,0,0,2108,0,0,2401,0,0,0,0,0,0,0,0,0,0,0,0,0,0,0,0,0,0,0,0,0,0,0,0,0,0,0,0,0,1039,0,0,0,0,0,0,0,0,0,0,0,0,0,0,0,0,0,1389,0,0,0,1021,0,0
Clupea harengus,99.419,0,0,0,0,0,0,0,0,0,0,0,0,0,0,0,4430,5969,16132,0,0,0,11326,0,6562,0,0,0,0,0,0,0,0,0,0,0,0,0,0,0,0,0,0,0,0,0,0,0,5416,0,0,0,7281,0,0,0,0,0,0,0,0,0,3850,0,0,0,0,1483,0,0,4857,0,0,0,0,0,0,0,0,0,0,0,0,0,0,0,0,0,0,0,0,0
Scomber scombrus,99.408,0,0,0,0,0,0,0,0,0,0,0,0,0,0,0,0,0,0,0,0,0,0,0,0,0,0,0,0,0,0,0,0,0,2376,0,0,3743,0,0,0,0,0,0,0,0,0,0,0,0,0,0,0,0,0,0,0,0,0,0,0,0,0,0,0,0,0,1509,0,0,0,0,0,0,0,0,0,0,0,0,0,0,0,0,0,1606,0,0,0,823,0,0
Clupea harengus,99.419,0,0,0,0,0,0,0,0,0,0,0,0,0,0,0,827,723,2843,0,0,0,1960,0,1026,0,0,0,0,0,0,0,0,0,0,0,0,0,0,0,0,0,0,0,0,0,0,0,769,0,0,0,1370,0,0,0,0,0,0,0,0,0,1011,0,0,0,0,239,0,0,794,0,0,0,0,0,0,0,0,0,0,0,0,0,0,0,0,0,0,0,0,0
Tautogolabrus adspersus,99.412,1288,1010,0,0,0,0,0,0,0,0,0,2614,0,0,0,0,0,0,0,0,0,0,0,0,0,0,0,0,0,0,0,0,0,3358,0,0,0,0,0,0,0,0,0,0,2259,0,0,0,0,0,0,0,0,0,0,0,0,0,0,0,0,0,0,0,0,0,0,0,0,0,0,0,0,0,0,0,0,0,0,0,0,0,0,0,0,0,0,0,0,0,0
Clupea harengus,99.419,0,0,0,0,0,0,0,0,0,0,0,0,0,0,0,1381,1193,3839,0,0,0,3550,0,2244,0,0,0,0,0,0,0,0,0,0,0,0,0,0,0,0,0,0,0,0,0,0,0,1399,0,0,0,2214,0,0,0,0,0,0,0,0,0,1398,0,0,0,0,0,0,0,1082,0,0,0,0,0,0,0,0,0,0,0,0,0,0,0,0,0,0,0,0,0
Clupea harengus,99.419,0,0,0,0,0,0,0,0,0,0,0,0,0,0,0,2712,2598,70480,0,0,0,7682,0,3270,0,0,0,0,0,0,0,0,0,0,0,0,0,0,0,0,0,0,0,0,0,0,0,4024,0,0,0,104286,0,0,0,0,0,0,0,0,0,2825,0,0,0,0,834,0,0,8974,0,0,0,0,0,0,0,0,0,0,0,0,0,0,0,0,0,0,0,0,0
Scomber scombrus,99.408,0,0,0,0,0,0,0,0,0,0,0,0,0,0,0,0,0,0,0,0,0,0,0,0,0,0,0,0,0,0,0,0,0,1679,0,0,9668,0,0,0,0,0,0,0,0,0,0,0,0,0,0,0,0,0,0,0,0,0,0,0,0,0,0,0,0,0,919,0,0,0,0,0,0,0,0,0,0,0,0,0,0,0,0,0,908,0,0,0,588,0,0
Clupea harengus,99.419,0,0,0,0,0,0,0,0,0,0,0,0,0,0,0,10144,2078,23571,0,0,0,6215,0,2776,0,0,0,0,0,0,0,0,0,0,0,0,0,0,0,0,0,0,0,0,0,0,0,2733,0,0,0,3810,0,0,0,0,0,0,0,0,0,5707,0,0,0,0,819,0,0,5173,0,0,0,0,0,0,0,0,0,0,0,0,0,0,0,0,0,0,0,0,0
Scomber scombrus,99.408,0,0,0,0,0,0,0,0,0,0,0,0,0,0,0,0,0,0,0,0,0,0,0,0,0,0,0,0,0,0,0,0,0,2497,0,0,2408,0,0,0,0,0,0,0,0,0,0,0,0,0,0,0,0,0,0,0,0,0,0,0,0,0,0,0,0,0,868,0,0,0,0,0,0,0,0,0,0,0,0,0,0,0,0,0,1076,0,0,0,824,0,0
Scomber scombrus,100,0,0,0,0,0,0,0,0,0,0,0,0,0,0,0,0,0,0,0,0,0,0,0,0,0,0,0,0,0,0,0,0,0,2068,0,0,2958,0,0,0,0,0,0,0,0,0,0,0,0,0,0,0,0,0,0,0,0,0,0,0,0,0,0,0,0,0,1188,0,0,0,0,0,0,0,0,0,0,0,0,0,0,0,0,0,1363,0,0,0,644,0,0
Scomber scombrus,100,0,0,0,0,0,0,0,0,0,0,0,0,0,0,0,0,0,0,0,0,0,0,0,0,0,0,0,0,0,0,0,0,0,2131,0,0,3399,0,0,0,0,0,0,0,0,0,0,0,0,0,0,0,0,0,0,0,0,0,0,0,0,0,0,0,0,0,1802,0,0,0,0,0,0,0,0,0,0,0,0,0,0,0,0,0,1483,0,0,0,786,0,0
