Species,Confidence,X2023ESI_01,X2023ESI_02,X2023ESI_03,X2023ESI_04,X2023ESI_05,X2023ESI_06,X2023ESI_07,X2023ESI_08,X2023ESI_09,X2023ESI_10,X2023ESI_12,X2023ESI_13,X2023ESI_14,X2023ESI_15,X2023ESI_17,X2023ESI_18,X2023ESI_19,X2023ESI_21,X2023ESI_22,X499612,X499613,X499614,X499615,X499616,X499617,X499618,X499619,X499620,X499621,X499622,X499623,X499624,X499625,X499626,X499627,X499628,X499629,X499630,X499631,X499632,X499633,X499634,X499635,X499636,X499637,X499638,X499639,X499640,X499641,X499642,X499643,X499644,X499645,X499646,X499647,X499648,X499649,X499650,X499651,X499652,X499653,X499654,X499655
Micromonas_pusilla,1,640,2312,494,1473,0,1037,0,291,441,1016,2057,0,759,612,1078,2032,0,319,371,0,0,0,0,0,17,0,0,0,0,0,165,31,100,0,7,45,0,0,60,74,165,0,0,0,0,0,0,0,0,0,32,19,47,0,22,12,23,0,0,0,0,0,0
Micromonas_pusilla,1,41656,6919,18453,3619,0,1643,0,7361,10022,17218,3109,0,2231,15009,14728,6496,0,9756,3784,12287,15963,24077,7619,4681,4256,0,32116,47098,41385,0,3200,8429,3079,1652,40849,55767,59413,0,6561,7214,20364,0,9561,3275,8436,0,59736,76525,72253,0,5975,4910,4644,0,3107,3592,2252,0,27431,54459,60727,0,0
Micromonas_pusilla,1,462,127,116,0,0,0,0,0,0,0,0,0,0,162,166,81,0,108,0,0,170,0,0,0,0,0,265,270,316,0,0,0,0,0,412,449,400,0,0,0,0,0,0,0,0,0,286,0,358,0,0,0,0,0,0,0,0,0,0,0,0,0,0
Cystoclonium_purpureum,1,323,53,83,65,0,119,0,45,44,201,95,0,110,377,218,165,0,276,93,44,51,75,0,5,0,0,55,131,99,0,10,0,0,0,37,5,0,0,0,0,0,0,0,0,0,0,23,0,0,0,15,0,0,0,4,22,16,0,0,0,8,0,0
Jaera_albifrons,1,0,0,0,0,0,0,0,0,0,0,0,0,0,0,0,0,0,0,0,0,0,0,19,0,0,0,0,0,0,0,0,0,0,0,0,0,0,0,0,0,0,0,0,0,0,0,0,0,0,0,0,4722,4381,0,0,0,0,0,0,0,0,0,0
Eurytemora_herdmani,1,0,0,0,244,0,0,0,0,0,0,0,0,405,0,0,31,0,0,0,0,0,23,0,0,0,0,0,0,101,0,0,0,0,0,1675,3296,410,0,0,0,0,0,120,283,274,0,0,31,0,0,0,0,0,0,0,85,0,0,0,0,85,0,0
Chondrus_crispus,1,69,46,45,49,0,349,0,77,112,173,228,0,0,114,154,249,0,47,212,82,49,58,0,0,42,0,0,0,65,0,539,146,358,0,25,0,0,0,170,98,216,0,0,0,11,0,817,0,43,0,0,113,49,0,40,0,0,0,82,57,72,0,0
Chondrus_crispus,1,0,0,129,130,0,0,0,177,333,75,0,0,108,0,56,0,0,0,0,0,0,58,87,0,100,0,0,0,0,0,0,0,0,0,288,187,64,0,55,64,107,0,87,49,49,0,0,0,0,0,0,0,0,0,0,43,0,0,0,0,0,0,0
Chondrus_crispus,1,223,57,154,0,0,223,0,197,130,171,142,0,0,202,174,221,0,107,0,0,0,0,0,66,136,0,188,22,65,0,401,149,171,0,67,0,0,0,0,0,0,0,0,0,46,0,459,0,0,0,280,73,145,0,0,0,52,0,96,43,97,0,0
Phyllodoce_maculata,1,49,0,623,0,0,0,0,0,0,0,4,0,0,0,0,0,0,696,0,0,0,0,0,0,0,0,0,0,0,0,0,0,0,0,0,0,0,0,0,0,0,0,0,0,0,0,0,0,0,0,0,0,0,0,0,0,0,0,0,0,0,0,0
Phyllodoce_maculata,1,0,0,0,0,0,0,0,0,0,0,0,0,0,27,13,362,0,0,0,339,0,0,0,0,0,0,0,0,0,0,0,0,0,0,0,0,0,0,0,0,0,0,0,0,0,0,0,0,0,0,0,0,0,0,0,0,0,0,0,0,0,0,0
Cryptocotyle_lingua,1,0,0,0,0,0,0,0,0,0,0,0,0,0,0,0,0,0,0,0,0,0,0,0,0,0,0,0,0,0,0,0,0,0,0,0,0,0,0,0,0,0,0,0,0,0,0,0,0,0,0,0,2136,0,0,0,0,0,0,0,0,0,0,0
Micromonas_pusilla,0.97,438,385,590,0,0,0,0,0,439,1061,0,0,0,580,1085,0,0,0,459,0,0,0,0,0,0,0,0,0,0,0,0,0,0,0,0,0,0,0,0,0,0,0,0,0,0,0,0,0,0,0,0,0,0,0,0,0,0,0,0,0,0,0,0
Micromonas_pusilla,0.96,292,257,230,0,0,0,0,0,0,0,0,0,0,0,482,0,0,0,0,0,0,0,0,0,0,0,0,0,0,0,0,0,0,0,0,0,0,0,0,0,0,0,0,0,0,0,0,0,0,0,0,0,0,0,0,0,0,0,0,0,0,0,0
Micromonas_pusilla,0.97,882,1153,622,709,0,327,0,401,910,2060,617,0,330,1072,1735,606,0,674,611,164,224,262,0,0,0,0,155,156,149,0,0,0,0,0,0,0,0,0,0,0,0,0,0,0,0,0,0,0,0,0,0,0,0,0,0,0,0,0,0,0,0,0,0
Micromonas_pusilla,0.97,0,108,77,52,0,0,0,0,0,190,45,0,0,101,163,0,0,0,67,0,0,0,0,0,0,0,0,0,0,0,0,0,0,0,0,0,0,0,0,0,0,0,0,0,0,0,0,0,0,0,0,0,0,0,0,0,0,0,0,0,0,0,0
Micromonas_pusilla,0.97,157,158,139,75,0,60,0,0,140,264,67,0,55,167,266,81,0,105,117,0,0,0,0,0,0,0,36,0,0,0,0,0,0,0,0,0,0,0,0,0,0,0,0,0,0,0,0,0,0,0,0,0,0,0,0,0,0,0,0,0,0,0,0
Micromonas_pusilla,0.95,956,709,627,604,0,0,0,0,748,1688,0,0,331,911,1429,0,0,571,556,0,0,0,0,0,0,0,0,0,0,0,0,0,0,0,0,0,0,0,0,0,0,0,0,0,0,0,0,0,0,0,0,0,0,0,0,0,0,0,0,0,0,0,0
Micromonas_pusilla,0.97,221043,185091,161371,107625,0,58502,0,96946,137005,373096,89066,0,60621,215198,333603,106246,0,137697,134336,20444,27871,44162,2839,2514,2437,0,36250,23357,31794,0,1224,1130,896,0,5077,10418,9725,0,90,327,562,0,102,27,40,0,663,630,565,0,169,135,245,0,120,230,132,0,411,513,684,0,0
Micromonas_pusilla,0.96,4524,2435,3249,1472,0,636,0,1704,2548,4940,1144,0,938,4198,4215,1343,0,2478,1737,509,856,1272,0,0,0,0,302,0,295,0,0,0,0,0,0,0,0,0,0,0,0,0,0,0,0,0,92,0,0,0,0,0,0,0,0,0,0,0,0,0,0,0,0
Micromonas_pusilla,0.97,964,1009,951,582,0,364,0,0,746,2615,616,0,337,1438,2143,779,0,0,914,0,229,366,0,0,0,0,406,486,399,0,0,0,0,0,258,0,0,0,0,0,0,0,0,0,0,0,0,0,0,0,0,0,0,0,0,0,0,0,0,0,0,0,0
Micromonas_pusilla,1,0,0,15,0,0,0,0,0,11,0,0,0,0,0,0,0,0,0,0,0,0,0,4970,2508,2046,0,0,96,34,0,0,0,13,0,0,52,0,0,1002,1388,2383,0,1282,593,1065,0,4421,5464,5466,0,582,547,658,0,1160,1009,1218,0,2049,3543,3867,0,0
Micromonas_pusilla,0.97,50,0,0,0,0,0,0,0,0,0,0,0,0,0,0,0,0,20,11,0,0,23,73,75,55,0,0,58,0,0,0,0,0,0,0,57,0,0,789,1026,1601,0,405,171,326,0,1098,1235,1030,0,324,158,260,0,133,119,119,0,498,909,1263,0,0
Micromonas_pusilla,0.97,0,36,94,15,0,18,0,24,49,72,27,0,0,0,42,0,0,0,0,46,73,0,1209,733,613,0,97,77,119,0,25,101,0,0,0,124,150,0,2416,2522,3546,0,1852,730,1112,0,3918,5356,5281,0,1064,684,853,0,393,225,251,0,2271,4056,4484,0,0
Micromonas_pusilla,0.96,0,0,0,0,0,0,0,0,0,0,0,0,0,0,0,0,0,0,0,0,0,0,0,0,0,0,0,0,0,0,0,0,0,0,0,0,0,0,0,251,159,0,0,0,0,0,0,0,0,0,0,0,0,0,0,0,0,0,133,139,244,0,0
Micromonas_pusilla,1,184,105,1326,49,0,14,0,646,1038,544,49,0,25,179,431,47,0,143,190,172,160,335,12578,8141,7174,0,538,719,743,0,0,119,9,0,303,360,499,0,568,419,1007,0,554,310,462,0,1299,1306,1180,0,393,111,267,0,154,127,98,0,1407,2299,2554,0,0
Polyides_rotunda,1,324,18538,52,14548,0,0,0,0,50,23,0,0,15037,131,0,0,0,68,5,20,0,10,0,0,0,0,23,0,11,0,0,0,0,0,49,0,0,0,0,0,0,0,70,91,72,0,0,0,0,0,166,136,321,0,65,67,96,0,11,6,0,0,0
Paracalanus_parvus,1,0,0,0,0,0,0,0,0,0,0,0,0,0,0,0,0,0,0,0,0,0,0,0,0,0,0,0,0,0,0,0,0,0,0,0,0,0,0,0,218,428,0,0,0,630,0,515,0,239,0,71,5,18,0,0,48,168,0,182,72,0,0,0
Paracalanus_parvus,1,0,0,0,0,0,0,0,0,0,0,0,0,0,0,0,0,0,0,0,0,0,0,0,0,0,0,0,0,0,0,0,0,0,0,0,0,0,0,77,135,0,0,0,79,0,0,0,314,94,0,0,0,0,0,0,0,0,0,623,0,0,0,0
Amphitrite_figulus,1,0,0,0,0,0,0,0,0,0,0,0,0,0,1925,0,0,0,0,0,0,0,0,0,0,0,0,0,0,0,0,0,0,0,0,0,0,0,0,0,0,0,0,0,0,0,0,0,0,0,0,0,0,0,0,0,0,0,0,0,0,0,0,0
Amphitrite_figulus,1,876,0,346,0,0,55,0,153,177,11,73,0,0,1007,14,55,0,339,53,0,0,0,0,0,0,0,205,160,87,0,154,157,166,0,11,0,0,0,0,0,0,0,36,21,79,0,17,14,7,0,183,19,91,0,17,31,0,0,52,46,55,0,0
Prionospio_steenstrupi,1,0,0,0,0,0,1132,0,0,0,0,0,0,0,0,0,0,0,0,0,0,0,0,0,0,0,0,0,0,0,0,0,0,0,0,0,0,0,0,0,0,0,0,0,0,0,0,0,0,0,0,0,0,0,0,0,0,0,0,0,0,0,0,0
Prionospio_steenstrupi,1,0,0,0,0,0,938,0,0,0,0,0,0,0,0,792,0,0,0,0,0,0,0,0,0,0,0,0,0,0,0,0,0,0,0,0,0,0,0,0,0,0,0,0,0,0,0,0,0,0,0,0,0,0,0,0,0,0,0,0,0,0,0,0
Prionospio_steenstrupi,1,0,0,0,4100,0,0,0,0,0,0,0,0,0,0,0,0,0,0,0,0,0,0,0,0,0,0,0,0,0,0,0,0,0,0,0,0,0,0,0,0,0,0,0,0,0,0,0,0,0,0,0,0,0,0,0,0,0,0,0,0,0,0,0
Prionospio_steenstrupi,1,0,2981,0,0,0,0,0,0,0,0,0,0,0,0,0,0,0,0,0,0,0,0,0,0,0,0,0,0,0,0,0,0,0,0,0,0,0,0,0,0,0,0,0,0,0,0,0,0,0,0,0,0,0,0,0,0,0,0,0,0,0,0,0
Prionospio_steenstrupi,1,0,23947,0,17223,0,11432,0,0,0,84,10290,0,13459,0,709,10609,0,0,2546,0,0,0,0,0,0,0,0,0,0,0,0,0,0,0,0,0,0,0,0,0,0,0,0,0,0,0,0,0,0,0,0,0,0,0,0,0,0,0,0,0,0,0,0
Prionospio_steenstrupi,1,0,0,0,0,0,0,0,0,0,0,0,0,1519,0,0,0,0,0,0,0,0,0,0,0,0,0,0,0,0,0,0,0,0,0,0,0,0,0,0,0,0,0,0,0,0,0,0,0,0,0,0,0,0,0,0,0,0,0,0,0,0,0,0
Prionospio_steenstrupi,1,18,33004,0,26205,0,24488,0,0,0,961,16557,0,27487,0,755,10369,0,0,402,0,0,0,0,0,0,0,0,0,0,0,0,0,0,0,0,0,0,0,0,0,0,0,0,0,0,0,0,0,0,0,0,0,0,0,0,0,0,0,0,0,0,0,0
Prionospio_steenstrupi,1,0,0,0,0,0,994,0,0,0,0,0,0,0,0,0,0,0,0,0,0,0,0,0,0,0,0,0,0,0,0,0,0,0,0,0,0,0,0,0,0,0,0,0,0,0,0,0,0,0,0,0,0,0,0,0,0,0,0,0,0,0,0,0
Prionospio_steenstrupi,1,0,0,0,0,0,1236,0,0,0,0,0,0,0,0,0,0,0,0,0,0,0,0,0,0,0,0,0,0,0,0,0,0,0,0,0,0,0,0,0,0,0,0,0,0,0,0,0,0,0,0,0,0,0,0,0,0,0,0,0,0,0,0,0
Prionospio_steenstrupi,1,0,0,0,0,0,0,0,0,0,0,0,0,1884,0,0,0,0,0,0,0,0,0,0,0,0,0,0,0,0,0,0,0,0,0,0,0,0,0,0,0,0,0,0,0,0,0,0,0,0,0,0,0,0,0,0,0,0,0,0,0,0,0,0
Prionospio_steenstrupi,1,0,0,0,0,0,1776,0,0,0,0,0,0,0,0,0,598,0,0,0,0,0,0,0,0,0,0,0,0,0,0,0,0,0,0,0,0,0,0,0,0,0,0,0,0,0,0,0,0,0,0,0,0,0,0,0,0,0,0,0,0,0,0,0
Calliopius_laeviusculus,1,1417,0,0,0,0,15,0,4,0,0,0,0,0,0,65,0,0,0,26,0,0,0,0,0,0,0,0,0,0,0,0,0,0,0,0,0,0,0,0,0,8,0,0,0,0,0,0,0,0,0,0,0,0,0,0,12,0,0,0,0,0,0,0
Kelliopsis_elevata,1,0,0,0,0,0,0,0,0,0,0,0,0,0,0,0,0,0,0,0,0,0,0,0,0,249,0,0,0,0,0,0,0,0,0,0,148,0,0,0,0,0,0,0,0,0,0,0,0,0,0,0,0,257,0,0,0,0,0,0,0,277,0,0
Hypereteone_heteropoda,1,40,0,0,0,0,0,0,0,0,0,0,0,0,0,0,0,0,15,0,0,0,0,0,47,0,0,0,1052,283,0,0,0,0,0,0,0,0,0,0,0,0,0,0,0,0,0,0,0,0,0,0,0,0,0,0,0,0,0,0,0,0,0,0
Mytilus_galloprovincialis,1,0,0,0,0,0,0,0,0,122,5,0,0,0,0,16,0,0,75,0,0,0,0,0,38,52,0,0,0,0,0,0,25,63,0,8,0,0,0,215,42,344,0,184,0,0,0,80,0,0,0,16,0,131,0,0,0,0,0,2,0,0,0,0
Asterias_forbesi,1,0,0,60,0,0,0,0,0,0,0,22,0,0,11,0,0,0,22,17,0,0,0,0,0,0,0,0,709,21,0,175,144,334,0,5738,0,0,0,0,0,0,0,0,0,0,0,0,0,0,0,0,0,82,0,0,0,0,0,0,0,0,0,0
Calanus_finmarchicus,1,0,0,0,0,0,0,0,0,0,0,0,0,0,0,0,0,0,0,0,0,0,0,0,0,0,0,0,0,0,0,0,0,0,0,0,0,298,0,0,0,0,0,0,0,0,0,1369,0,0,0,0,0,0,0,0,0,0,0,0,0,0,0,0
Melanothamnus_harveyi,1,140,14,0,0,0,32,0,0,0,30,0,0,77,60,0,56,0,58,0,0,11,0,0,0,7,0,21,0,0,0,1773,274,180,0,0,0,0,0,0,25,260,0,92,0,0,0,3083,48,140,0,262,467,478,0,0,0,0,0,23,15,7,0,0
Alitta_virens,1,901,0,0,21,0,73,0,15,0,0,114,0,0,917,81,0,0,543,0,37,5,17,0,0,7,0,20,0,0,0,16,16,0,0,0,0,0,0,0,0,0,0,0,0,0,0,0,0,0,0,22,40,0,0,0,0,0,0,0,0,0,0,0
Glycera_dibranchiata,1,0,0,0,0,0,0,0,0,0,9,0,0,0,11,0,40,0,2207,0,0,0,0,0,0,0,0,0,0,0,0,0,0,0,0,12,0,0,0,0,0,0,0,0,0,0,0,0,0,0,0,0,0,0,0,0,0,0,0,0,0,0,0,0
Centropages_typicus,1,0,0,0,0,0,0,0,0,0,0,0,0,0,0,0,0,0,0,0,0,0,0,0,0,0,0,0,0,0,0,0,0,0,0,0,0,0,0,0,0,0,0,394,0,0,0,583,0,143,0,140,122,99,0,0,24,0,0,0,0,0,0,0
Centropages_typicus,1,0,0,0,0,0,0,0,0,0,0,0,0,0,0,0,0,0,0,0,0,0,0,0,0,0,0,0,0,0,0,0,0,0,0,0,0,0,0,0,0,0,0,0,0,0,0,752,0,0,0,0,0,0,0,0,0,0,0,0,0,0,0,0
Centropages_typicus,0.94,0,0,0,0,0,0,0,0,0,0,0,0,0,0,0,0,0,0,0,0,0,0,0,0,0,0,0,0,0,0,0,0,0,0,0,0,0,0,0,0,0,0,0,0,0,0,962,0,0,0,0,0,0,0,0,0,0,0,0,0,0,0,0
Arenicola_marina,1,0,0,0,0,0,0,0,0,0,37,0,0,0,0,0,0,0,0,0,0,0,0,0,0,0,0,0,0,0,0,0,0,0,0,0,0,0,0,0,0,739,0,0,0,0,0,0,0,0,0,0,0,0,0,0,0,0,0,0,0,0,0,0
Lacuna_vincta,1,0,0,0,1182,0,0,0,0,0,0,0,0,0,0,0,0,0,0,0,0,0,0,0,0,0,0,0,0,0,0,0,0,0,0,0,0,0,0,0,0,0,0,0,0,0,0,0,0,0,0,0,0,0,0,0,0,0,0,0,0,0,0,0
Botryllus_schlosseri,1,0,0,0,0,0,0,0,0,0,0,30,0,21,0,28,0,0,0,0,36,0,98,0,0,0,0,70,112,0,0,0,0,175,0,119,118,0,0,0,0,0,0,0,0,0,0,0,94,116,0,0,31,0,0,0,9,0,0,0,0,0,0,0
Dasysiphonia_japonica,1,1201,1340,132,1520,0,114,0,0,16,464,18,0,1562,172,504,0,0,10,786,2011,363,88,0,0,0,0,61,0,1014,0,0,511,52,0,1239,120,573,0,0,0,0,0,0,17,0,0,55,0,0,0,769,1506,8886,0,1227,345,88,0,0,0,454,0,0
Dasysiphonia_japonica,1,0,1475,0,870,0,0,0,14,0,395,0,0,1682,0,128,0,0,0,1557,369,364,112,7,0,0,0,0,62,393,0,0,0,0,0,0,0,406,0,823,0,0,0,0,0,39,0,0,0,0,0,558,584,421,0,1180,381,0,0,0,79,163,0,0
Ameritella_agilis,1,18,0,21,0,0,0,0,0,0,0,0,0,0,10,9,0,0,0,0,0,39,0,245,0,88,0,0,0,74,0,244,0,0,0,116,0,0,0,0,0,0,0,0,312,28,0,0,0,0,0,84,0,91,0,0,27,0,0,70,5,0,0,0
Cryptocotyle_lingua,1,0,0,0,0,0,0,0,0,0,0,0,0,0,0,0,0,0,0,0,0,0,0,0,0,0,0,0,0,0,0,0,2766,1989,0,0,0,0,0,0,0,0,0,0,0,0,0,2431,0,0,0,0,95,0,0,0,0,0,0,0,0,0,0,0
Cryptocotyle_lingua,1,0,0,0,0,0,0,0,0,0,0,0,0,0,0,0,0,0,0,0,0,0,0,0,0,0,0,0,0,0,0,0,0,0,0,3708,0,0,0,0,0,0,0,0,0,0,0,0,0,0,0,0,0,0,0,0,0,0,0,0,0,0,0,0
Cryptocotyle_lingua,1,1146,0,0,0,0,0,0,0,1289,0,0,0,0,16,0,0,0,16,0,0,1066,636,2303,0,0,0,2105,70,0,0,667,3961,9745,0,0,0,28,0,0,0,0,0,0,0,0,0,8564,1877,845,0,1346,5862,2541,0,0,0,0,0,0,0,0,0,0
Cryptocotyle_lingua,1,0,0,0,0,0,0,0,0,0,0,0,0,0,0,0,0,0,0,0,0,0,0,0,0,0,0,0,0,0,0,0,0,2424,0,0,0,0,0,0,0,0,0,0,0,0,0,0,0,0,0,0,0,0,0,0,0,0,0,0,0,0,0,0
Cryptocotyle_lingua,1,0,0,0,0,0,0,0,0,0,0,0,0,0,0,0,0,0,0,0,0,0,0,0,0,0,0,0,0,0,0,0,0,0,0,0,0,0,0,0,0,0,0,0,0,0,0,2531,16,1197,0,0,0,0,0,0,0,0,0,0,0,0,0,0
Cryptocotyle_lingua,1,1322,0,0,0,0,0,0,0,0,0,0,0,0,0,0,0,0,0,0,8,0,578,0,0,0,0,0,0,0,0,0,0,4057,0,0,0,0,0,0,0,0,0,0,0,0,0,2578,0,0,0,2301,3220,0,0,0,0,0,0,0,0,0,0,0
Cryptocotyle_lingua,1,0,0,0,0,0,0,0,0,0,0,0,0,0,0,0,0,0,0,0,0,0,0,0,0,0,0,0,0,998,0,0,0,1605,0,0,167,0,0,0,0,0,0,0,0,0,0,1956,0,0,0,0,0,0,0,0,0,0,0,0,0,0,0,0
Cryptocotyle_lingua,1,0,0,0,0,0,0,0,0,0,0,0,0,0,0,0,0,0,0,0,0,0,0,0,0,0,0,0,0,0,0,0,2025,0,0,0,0,0,0,0,0,0,0,0,0,0,0,0,0,0,0,0,0,0,0,0,0,0,0,0,0,0,0,0
Cryptocotyle_lingua,1,0,0,0,0,0,0,0,0,0,0,0,0,0,0,0,0,0,0,0,0,0,0,0,0,0,0,0,0,0,0,0,0,2744,0,0,0,0,0,0,0,0,0,0,0,0,0,0,0,0,0,0,0,0,0,0,0,0,0,0,0,0,0,0
Cryptocotyle_lingua,1,0,0,0,0,0,0,0,0,0,0,0,0,0,0,0,0,0,0,0,0,0,0,0,0,0,0,0,0,0,0,0,0,0,0,0,0,0,0,0,0,0,0,0,0,0,0,0,1738,0,0,0,0,0,0,0,0,0,0,0,0,0,0,0
Cryptocotyle_lingua,1,0,0,0,0,0,0,0,0,0,0,0,0,0,0,0,0,0,0,0,0,1384,0,0,0,0,0,0,0,0,0,0,0,0,0,0,0,0,0,0,0,0,0,0,0,0,0,0,0,0,0,0,0,0,0,0,0,0,0,0,0,0,0,0
Ceramium_virgatum,1,81,68,69,70,0,293,0,89,163,80,126,0,208,77,119,70,0,55,187,80,96,72,18,0,83,0,0,0,17,0,145,116,62,0,37,49,0,0,0,0,0,0,0,0,0,0,121,10,4,0,17,17,0,0,0,0,0,0,59,4,15,0,0
Turbonilla_powhatani,1,0,0,0,0,0,0,0,0,0,0,0,0,0,0,0,0,0,0,0,0,0,0,0,0,0,0,0,39,0,0,0,0,0,0,4712,0,0,0,0,0,0,0,0,0,0,0,0,0,0,0,0,0,0,0,0,0,0,0,0,0,5,0,0
Mya_arenaria,1,0,0,256,0,0,20,0,531,310,0,0,0,0,233,0,140,0,15,0,0,17,0,214,933,832,0,14,1092,687,0,0,10,75,0,0,0,0,0,0,0,0,0,474,0,0,0,664,0,25,0,0,26,0,0,31,41,0,0,680,0,0,0,0
Pherusa_affinis,1,0,0,0,0,0,0,0,0,0,0,0,0,0,0,0,0,0,0,0,2102,0,0,0,0,0,0,0,0,0,0,0,0,0,0,0,0,0,0,0,0,0,0,0,0,0,0,0,0,0,0,0,0,0,0,0,0,0,0,0,0,0,0,0
Pherusa_affinis,1,1171,0,5571,0,0,66,0,782,821,0,44,0,73,6112,0,72,0,775,0,2182,2874,378,0,0,0,0,392,231,5850,0,0,12,0,0,0,0,0,0,0,0,0,0,0,0,0,0,0,0,0,0,0,0,0,0,0,0,10,0,0,0,0,0,0
Lacuna_vincta,1,0,0,38,0,0,0,0,0,0,0,0,0,0,278,0,0,0,0,0,0,12205,50,0,0,0,0,0,0,0,0,0,0,0,0,0,0,0,0,0,0,0,0,0,0,868,0,0,0,0,0,0,19487,0,0,0,0,0,0,0,0,0,0,0
Lacuna_vincta,1,0,0,119,0,0,120,0,142,0,106,841,0,0,0,177,4210,0,1375,938,725,90208,162,16,0,13,0,2457,1438,546,0,2787,61,0,0,3734,0,0,0,0,0,0,0,2528,0,0,0,2722,0,0,0,1165,0,15624,0,28,55,0,0,55,3,17,0,0
Acrochaetium_moniliforme,1,33,0,0,0,0,0,0,0,0,0,0,0,16,18,95,0,0,72,0,125,187,222,0,0,0,0,1629,156,808,0,512,153,174,0,0,50,0,0,0,0,0,0,0,0,0,0,133,0,0,0,0,23,141,0,0,0,0,0,403,0,96,0,0
Callithamnion_corymbosum,1,15,73,6,28,0,0,0,7,0,77,6,0,4,0,30,0,0,4,129,7,18,24,0,0,0,0,0,0,0,0,22,14,6,0,0,0,0,0,0,21,19,0,217,8,609,0,2256,0,26,0,59,288,184,0,360,10,27,0,0,9,7,0,0
Polydora_onagawaensis,1,0,0,0,0,0,0,0,0,23,0,13,0,8731,0,0,8045,0,0,31,0,0,0,0,0,0,0,4176,0,0,0,0,0,0,0,1155,1155,0,0,0,0,0,0,0,212,0,0,0,0,0,0,0,0,0,0,0,0,0,0,0,0,0,0,0
Balanus_rostratus,0.99,0,0,0,0,0,0,0,0,0,0,0,0,0,0,0,2695,0,0,0,0,0,0,0,0,0,0,0,0,0,0,0,0,0,0,0,0,0,0,0,0,0,0,0,0,0,0,0,0,0,0,0,0,0,0,0,0,0,0,0,0,0,0,0
Amphibalanus_improvisus,1,0,0,0,0,0,0,0,0,0,6,0,0,0,0,0,0,0,0,0,0,0,0,0,0,0,0,0,3272,2454,0,0,492,0,0,0,0,0,0,0,0,0,0,0,0,0,0,0,0,0,0,0,0,0,0,0,0,0,0,0,0,0,0,0
Obelia_geniculata,1,0,0,0,0,0,0,0,0,0,0,0,0,0,0,0,0,0,11,0,29,16,0,0,0,0,0,0,0,0,0,0,0,0,0,0,0,0,0,1587,0,112,0,0,0,82,0,0,0,23,0,0,0,0,0,0,0,0,0,0,0,0,0,0
Nicolea_zostericola,1,0,0,0,15,0,167,0,0,155,709,318,0,17,0,930,100,0,0,450,0,17,59,0,0,0,0,0,0,0,0,0,0,0,0,0,0,0,0,0,0,0,0,0,0,0,0,0,0,0,0,0,0,0,0,0,0,0,0,16,0,0,0,0
Harmothoe_imbricata,1,0,2258,0,0,0,0,0,0,0,0,0,0,0,0,0,0,0,0,0,0,0,0,0,0,0,0,0,0,0,0,0,0,0,0,0,0,0,0,0,0,0,0,0,0,0,0,0,0,0,0,0,0,0,0,0,0,0,0,0,0,0,0,0
Harmothoe_imbricata,1,0,1809,0,9198,0,0,0,3,0,0,14,0,6868,0,3701,3025,0,0,5810,0,0,0,0,0,0,0,0,0,0,0,0,0,0,0,0,0,0,0,0,0,0,0,0,0,21,0,0,0,0,0,0,0,0,0,0,0,0,0,0,0,0,0,0
Harmothoe_imbricata,1,0,0,0,0,0,0,0,0,0,0,0,0,0,0,0,0,0,0,830,0,0,0,0,0,0,0,0,0,0,0,0,0,0,0,0,0,0,0,0,0,0,0,0,0,0,0,0,0,0,0,0,0,0,0,0,0,0,0,0,0,0,0,0
Harmothoe_imbricata,1,0,0,0,0,0,0,0,0,0,0,0,0,0,0,2267,0,0,0,0,0,0,0,0,0,0,0,0,0,0,0,0,0,0,0,0,0,0,0,0,0,0,0,0,0,0,0,0,0,0,0,0,0,0,0,0,0,0,0,0,0,0,0,0
Harmothoe_imbricata,1,0,1518,0,0,0,0,0,0,0,0,0,0,0,0,0,0,0,0,0,0,0,0,0,0,0,0,0,0,0,0,0,0,0,0,0,0,0,0,0,0,0,0,0,0,0,0,0,0,0,0,0,0,0,0,0,0,0,0,0,0,0,0,0
Harmothoe_imbricata,1,0,0,0,0,0,0,0,0,0,0,0,0,0,0,0,1265,0,0,0,0,0,0,0,0,0,0,0,0,0,0,0,0,0,0,0,0,0,0,0,0,0,0,0,0,0,0,0,0,0,0,0,0,0,0,0,0,0,0,0,0,0,0,0
Harmothoe_imbricata,1,0,0,0,0,0,0,0,0,0,0,0,0,0,0,1669,0,0,0,0,0,0,0,0,0,0,0,0,0,0,0,0,0,0,0,0,0,0,0,0,0,0,0,0,0,0,0,0,0,0,0,0,0,0,0,0,0,0,0,0,0,0,0,0
Trochochaeta_multisetosa,1,0,0,0,0,0,0,0,0,0,0,6178,0,0,0,0,0,0,0,0,0,0,0,0,0,0,0,0,0,0,0,0,0,0,0,0,0,0,0,0,0,0,0,0,0,0,0,0,0,0,0,0,0,0,0,0,0,0,0,0,0,0,0,0
Clymenella_torquata,1,1750,134,658,51,0,80,0,348,375,34,12,0,18,898,78,190,0,961,76,15,28,10,73,43,66,0,0,0,38,0,39,5,0,0,74,200,0,0,0,0,0,0,0,14,0,0,0,0,0,0,0,44,81,0,0,51,7,0,0,0,0,0,0
Astyris_lunata,1,10,0,6,0,0,0,0,0,0,0,0,0,0,9,0,0,0,0,0,1040,0,0,0,0,0,0,0,0,0,0,0,0,3531,0,0,0,0,0,0,0,0,0,0,0,0,0,0,0,0,0,0,0,0,0,0,0,0,0,288,0,289,0,0
Euchlanis_dilatata,1,0,0,0,0,12122,0,0,0,0,0,0,0,0,0,0,0,0,0,0,0,0,0,0,0,0,0,0,0,0,0,0,0,0,0,0,0,0,0,0,0,0,0,0,0,0,0,0,0,0,0,0,0,0,0,0,0,0,0,0,0,0,0,0
Dinophilus_vorticoides,1,0,0,0,0,0,3714,0,0,0,0,0,0,0,0,0,0,0,0,0,0,0,0,0,0,0,0,0,0,0,0,0,27,0,0,0,0,0,0,0,0,0,0,0,0,0,0,0,0,0,0,0,0,0,0,0,0,0,0,0,0,0,0,0
Dinophilus_vorticoides,1,491,8,0,0,0,17739,0,0,0,114,218,0,0,581,135,6661,0,477,239,0,0,0,0,0,0,0,0,0,0,0,54,0,0,0,0,0,0,0,0,0,0,0,0,0,0,0,0,0,0,0,0,0,0,0,0,0,0,0,0,0,0,0,0
Dinophilus_vorticoides,1,0,0,0,0,0,0,0,0,0,0,0,0,0,0,0,4092,0,0,0,0,0,0,0,0,0,0,0,0,0,0,0,0,0,0,0,0,0,0,0,0,0,0,0,0,0,0,0,0,0,0,0,0,0,0,0,0,0,0,0,0,0,0,0
Pholoe_minuta,0.97,0,0,0,0,0,26,0,0,0,1685,0,0,0,0,1307,0,0,0,0,0,0,0,0,0,0,0,0,0,0,0,0,0,0,0,0,0,0,0,0,0,0,0,0,0,0,0,0,0,0,0,0,0,0,0,0,0,0,0,0,0,0,0,0
Dexamine_thea,1,0,0,0,0,0,0,0,0,0,0,0,0,0,0,0,15203,0,0,0,0,0,0,0,0,0,0,0,0,0,0,0,0,0,0,0,0,0,0,0,0,0,0,0,0,0,0,0,0,0,0,0,0,0,0,0,0,0,0,0,0,0,0,0
Pholoe_minuta,0.99,0,0,0,0,0,0,0,0,0,752,0,0,0,0,0,0,0,0,0,0,0,0,0,0,0,0,0,0,0,0,0,0,0,0,0,0,0,0,0,0,0,0,0,0,0,0,0,0,0,0,0,0,0,0,0,0,0,0,0,0,0,0,0
Pholoe_minuta,1,0,0,0,0,0,0,0,0,0,0,532,0,0,368,0,0,0,368,0,0,0,0,0,0,0,0,0,0,0,0,0,0,0,0,0,0,0,0,0,0,0,0,0,0,0,0,0,0,0,0,0,0,0,0,0,0,0,0,0,0,0,0,0
Pholoe_minuta,1,0,0,0,0,0,87,0,0,0,0,0,0,0,0,505,0,0,0,197,0,0,0,0,0,0,0,0,0,0,0,0,0,0,0,0,0,0,0,0,0,0,0,0,0,0,0,0,0,0,0,0,0,0,0,0,0,0,0,0,0,0,0,0
Pholoe_minuta,1,0,0,0,0,0,265,0,0,0,1846,997,0,0,0,74,0,0,0,810,0,0,0,0,0,0,0,0,0,0,0,0,0,19,0,0,0,0,0,0,0,0,0,0,0,0,0,0,0,0,0,0,0,0,0,0,0,0,0,0,0,0,0,0
Pholoe_minuta,1,926,0,0,0,0,0,0,0,0,0,0,0,0,0,0,0,0,0,0,0,0,0,0,0,0,0,0,0,0,0,0,0,0,0,0,0,0,0,0,0,0,0,0,0,0,0,0,0,0,0,0,0,0,0,0,0,0,0,0,0,0,0,0
Pholoe_minuta,0.98,511,5,0,0,0,333,0,0,0,1331,687,0,538,0,4595,2179,0,621,305,0,0,0,0,0,0,0,0,0,0,0,0,0,7588,0,0,0,0,0,0,0,0,0,0,0,0,0,0,0,0,0,0,0,0,0,0,0,0,0,0,0,0,0,0
Pholoe_minuta,0.97,0,0,0,0,0,207,0,0,0,2175,544,0,0,0,1834,81,0,215,1807,0,0,0,0,0,0,0,0,0,0,0,0,0,0,0,0,0,0,0,0,0,0,0,0,0,0,0,0,0,0,0,0,0,0,0,0,0,0,0,0,0,0,0,0
Oithona_similis,1,1075,56,0,0,0,8,0,0,0,20,35,0,79,1045,11,0,0,1051,0,789,300,100,0,0,33,0,434,104,202,0,418,232,443,0,7497,3593,4110,0,745,3916,1871,0,2249,895,3620,0,957,722,910,0,1487,155,123,0,35,0,105,0,2529,388,856,0,0
Oithona_similis,1,225,0,0,0,0,0,0,0,0,0,0,0,0,0,0,0,0,0,41,0,40,0,27,0,0,0,0,0,0,0,0,28,66,0,0,0,0,0,0,0,0,0,0,0,75,0,69,0,0,0,43,0,0,0,0,8,0,0,146,0,0,0,0
Polydora_cornuta,1,0,0,0,0,0,0,0,0,0,0,0,0,0,0,0,0,0,0,0,0,0,0,0,0,0,0,0,0,0,0,0,0,0,0,0,0,0,0,0,0,0,0,0,0,0,0,0,861,0,0,0,0,0,0,0,0,0,0,0,0,0,0,0
Polydora_cornuta,1,0,0,0,0,0,0,0,0,0,0,0,0,0,0,0,0,0,995,0,0,0,0,0,0,0,0,0,1308,1363,0,0,0,0,0,0,0,0,0,0,0,0,0,0,0,0,0,0,0,1174,0,0,0,0,0,0,0,0,0,0,0,0,0,0
Polydora_cornuta,1,0,0,0,2791,0,0,0,0,0,0,0,0,0,0,0,0,0,0,0,0,0,0,0,0,0,0,0,0,0,0,0,0,0,0,0,0,0,0,0,0,0,0,0,0,0,0,0,0,0,0,0,0,0,0,0,0,0,0,0,0,0,0,0
Polydora_cornuta,1,0,0,0,0,0,0,0,0,0,0,0,0,0,0,0,0,0,0,0,0,0,0,0,0,105,0,0,0,0,0,0,0,0,0,0,0,0,0,0,0,0,0,0,0,0,0,1394,0,0,0,0,0,0,0,0,0,0,0,0,0,0,0,0
Polydora_cornuta,1,1052,3717,38,1447,0,160,0,1533,12,0,116,0,1137,4605,2604,126,0,17279,0,333,1875,0,0,8,0,0,18788,2255,3488,0,98,117,0,0,19407,77,98,0,0,0,22,0,0,0,0,0,12220,0,0,0,0,13,33,0,0,1991,4,0,0,1981,0,0,0
Polydora_cornuta,1,0,0,0,0,0,0,0,0,0,0,0,0,0,0,0,0,0,0,0,0,0,0,0,0,0,0,0,0,0,0,0,0,0,0,2939,0,0,0,0,0,0,0,0,0,0,0,0,0,0,0,0,0,0,0,0,0,0,0,0,0,0,0,0
Polydora_cornuta,1,0,0,0,0,0,0,0,0,0,0,0,0,0,0,0,0,0,0,0,0,0,0,0,0,0,0,0,0,0,0,0,0,0,0,0,0,0,0,0,0,0,0,0,0,0,0,816,1456,0,0,0,0,0,0,0,0,0,0,0,0,0,0,0
Polydora_cornuta,1,0,0,0,0,0,0,0,0,0,0,0,0,907,0,0,0,0,0,0,0,0,0,0,0,0,0,0,0,0,0,0,0,0,0,0,0,0,0,0,0,0,0,0,0,0,0,0,0,0,0,0,0,0,0,0,0,0,0,0,0,0,0,0
Polydora_cornuta,1,0,0,0,0,0,0,0,0,0,0,0,0,0,0,0,0,0,0,0,0,8242,0,1628,0,0,0,0,0,146,0,0,0,0,0,0,0,0,0,0,0,0,0,0,0,0,0,0,0,0,0,0,0,0,0,0,0,0,0,0,0,0,0,0
Polydora_cornuta,1,93,0,0,0,0,0,0,0,0,0,0,0,0,408,0,0,0,3207,0,0,0,895,0,0,0,0,0,1056,657,0,50,0,0,0,941,45,0,0,0,0,0,0,0,0,0,0,0,0,0,0,0,0,0,0,1207,0,0,0,0,0,0,0,0
Polydora_onagawaensis,1,0,1626,0,0,0,0,0,0,0,0,0,0,0,0,0,0,0,0,0,0,0,0,0,0,0,0,0,0,0,0,0,0,0,0,0,0,0,0,0,0,0,0,0,0,0,0,0,0,0,0,0,0,0,0,0,0,0,0,0,0,0,0,0
Polydora_onagawaensis,1,0,0,0,4,0,0,0,0,0,0,0,0,0,0,0,1507,0,0,0,0,0,0,0,0,0,0,0,0,0,0,0,0,0,0,0,0,41,0,0,0,0,0,0,0,0,0,0,0,0,0,0,0,8,0,0,0,0,0,0,0,0,0,0
Botrylloides_violaceus,1,0,0,0,0,0,0,0,0,0,0,0,0,0,0,0,20,0,0,0,0,0,0,0,0,0,0,0,0,0,0,64,50,102,0,0,0,0,0,0,0,0,0,0,0,0,0,306,143,187,0,0,0,0,0,0,0,0,0,0,0,0,0,0
Myxicola_infundibulum_CMC01,1,0,0,0,0,0,0,0,0,0,0,0,0,0,0,0,0,0,0,0,0,0,0,0,0,0,0,0,0,0,0,0,0,0,0,0,0,0,0,0,0,3049,0,0,0,0,0,0,0,0,0,0,0,0,0,0,0,0,0,0,0,0,0,0
Thalestris_longimana,1,0,0,0,0,0,0,0,0,0,0,0,0,0,13,0,0,0,8,0,0,0,0,5,0,0,0,0,0,0,0,0,0,0,0,0,0,0,0,0,0,0,0,0,0,0,0,1597,0,0,0,0,7,0,0,0,0,0,0,0,0,0,0,0
Harpacticus_uniremis,1,0,0,0,0,0,19,0,0,0,0,96,0,0,0,0,3061,0,0,13,0,0,0,0,0,0,0,0,0,0,0,0,0,0,0,0,0,0,0,0,0,0,0,0,0,0,0,0,0,0,0,0,0,0,0,0,0,0,0,0,0,0,0,0
Ahnfeltia_plicata,1,0,74,0,105,0,147,0,0,15,163,7,0,82,0,29,143,0,77,125,0,0,0,0,0,0,0,0,0,0,0,40,14,38,0,20,0,0,0,0,0,0,0,0,0,0,0,97,0,0,0,12,0,45,0,14,0,0,0,0,0,0,0,0
Polycirrus_eximius,1,43,22,0,9,0,254,0,0,0,67,278,0,0,16,207,623,0,9,89,0,18,30,0,0,0,0,0,27,0,0,0,0,0,0,0,0,0,0,0,0,0,0,0,0,0,0,0,0,0,0,0,0,0,0,0,0,0,0,0,0,0,0,0
Crepidula_plana,1,0,0,0,0,0,0,0,0,0,0,0,0,0,0,0,0,0,0,0,0,0,0,0,0,0,0,0,0,0,0,0,0,0,0,0,0,0,0,0,0,0,0,0,0,4435,0,0,0,0,0,0,0,0,0,0,0,0,0,0,0,0,0,0
Harmothoe_rarispina_CMC01,0.73,0,0,0,0,0,0,0,0,0,0,5198,0,0,0,0,0,0,0,0,0,0,0,0,0,0,0,0,0,0,0,0,0,0,0,0,0,0,0,0,0,0,0,0,0,0,0,0,0,0,0,0,0,0,0,0,0,0,0,0,0,0,0,0
Pseudocalanus_newmani,1,102,0,0,55,0,139,0,0,0,21,25,0,94,0,0,175,0,0,0,310,607,44,0,91,0,0,515,167,119,0,0,0,0,0,135,879,1349,0,0,31,213,0,93,22,0,0,367,0,0,0,0,0,0,0,0,0,0,0,0,0,30,0,0
Pseudocalanus_newmani,1,0,0,0,0,0,0,0,0,0,0,0,0,0,0,0,0,0,0,0,0,0,0,0,0,0,0,0,0,0,0,0,0,0,0,1034,157,0,0,8,0,0,0,0,0,0,0,0,0,0,0,0,0,0,0,0,0,0,0,126,0,0,0,0
Pseudocalanus_newmani,1,0,0,0,0,0,0,0,0,0,0,0,0,0,0,0,0,0,0,0,0,0,0,0,0,0,0,0,0,0,0,0,0,0,0,0,0,0,0,0,0,0,0,0,0,0,0,0,0,0,0,800,0,0,0,0,0,0,0,0,0,0,0,0
Centropages_hamatus,1,0,0,0,0,0,0,0,0,0,0,0,0,14,0,8,0,0,0,0,0,12,0,0,0,0,0,0,0,9,0,0,44,0,0,0,0,0,0,69,210,212,0,575,465,632,0,545,450,74,0,74,26,84,0,55,21,80,0,0,50,0,0,0
Centropages_hamatus,1,0,0,0,0,0,25,0,0,194,0,34,0,0,0,0,0,0,124,0,14,0,0,0,19,0,0,134,10,0,0,0,0,0,0,0,192,0,0,0,0,0,0,0,0,0,0,0,0,0,0,0,0,0,0,0,0,0,0,0,0,0,0,0
Echinarachnius_parma,1,0,0,0,0,0,0,0,4181,0,18,0,0,0,0,0,0,0,0,0,0,0,0,0,0,0,0,0,0,11,0,0,15,0,0,0,0,0,0,0,0,0,0,0,0,0,0,0,0,0,0,0,0,0,0,26,12,0,0,0,0,0,0,0
Capitella_capitata,1,0,0,0,0,0,3,0,0,0,0,0,0,0,0,0,0,0,0,0,0,0,164,0,0,0,0,0,0,0,0,0,0,0,0,0,577,0,0,0,0,0,0,0,0,0,0,0,0,0,0,0,0,0,0,0,0,0,0,0,0,0,0,0
Capitella_capitata,1,0,0,0,0,0,0,0,40,0,0,0,0,0,0,0,0,0,0,0,0,0,0,0,0,0,0,0,0,0,0,0,0,0,0,0,118,0,0,100,0,0,0,165,0,0,0,155,0,0,0,83,0,0,0,0,473,0,0,0,0,0,0,0
Acartia_hudsonica,1,0,0,0,0,0,0,0,0,0,0,0,0,0,0,0,0,0,0,0,73,0,0,0,0,0,0,0,0,0,0,0,0,0,0,1498,0,0,0,0,0,0,0,0,0,0,0,0,0,0,0,0,0,0,0,0,0,0,0,0,0,0,0,0
Acartia_hudsonica,1,0,0,0,0,0,0,0,0,0,0,0,0,0,0,0,0,0,0,0,0,0,0,0,0,0,0,0,0,0,0,0,0,0,0,2501,0,0,0,0,0,0,0,0,0,0,0,0,0,0,0,0,0,0,0,0,0,0,0,0,0,0,0,0
Acartia_hudsonica,1,0,0,0,0,0,0,0,0,0,0,0,0,0,0,0,0,0,0,0,0,0,0,0,0,0,0,0,0,0,0,0,0,0,0,0,0,735,0,0,0,0,0,0,0,0,0,0,0,0,0,0,0,0,0,0,0,0,0,0,0,0,0,0
Acartia_hudsonica,1,0,0,0,0,0,0,0,0,0,0,0,0,0,0,0,0,0,0,0,0,0,0,0,0,0,0,0,0,0,0,0,0,0,0,1696,0,0,0,0,0,0,0,0,0,0,0,0,0,0,0,0,0,0,0,0,0,0,0,0,0,0,0,0
Acartia_hudsonica,1,0,0,0,741,0,0,0,0,0,0,0,0,0,0,0,0,0,0,0,0,0,0,0,0,0,0,0,0,0,0,0,0,0,0,0,0,0,0,0,0,0,0,0,0,0,0,0,0,0,0,0,0,0,0,0,0,0,0,0,0,0,0,0
Acartia_hudsonica,1,0,3022,0,28,0,655,0,311,779,915,5018,0,2461,0,0,1064,0,0,3607,284,165,69,0,0,0,0,825,1351,2890,0,4116,5310,1582,0,72357,41076,25703,0,0,1864,0,0,12643,4710,5139,0,3563,3540,2063,0,264,881,676,0,0,0,0,0,0,292,560,0,0
Acartia_hudsonica,1,0,0,0,0,0,0,0,0,0,0,0,0,0,0,0,0,0,0,0,0,0,0,0,0,0,0,0,0,0,0,0,0,0,0,1458,0,0,0,0,0,0,0,0,0,0,0,0,0,0,0,0,0,0,0,0,0,0,0,0,0,0,0,0
Acartia_hudsonica,1,0,0,0,0,0,0,0,0,0,0,0,0,0,0,0,0,0,0,0,78,0,0,0,0,0,0,0,0,0,0,0,0,0,0,762,0,0,0,0,0,0,0,0,0,0,0,0,0,0,0,0,0,0,0,0,0,0,0,0,0,229,0,0
Acartia_hudsonica,1,0,0,0,0,0,0,0,0,0,0,0,0,0,0,0,0,0,0,0,0,0,0,0,0,0,0,0,0,0,0,0,0,0,0,781,425,0,0,0,0,0,0,787,0,0,0,0,0,0,0,0,0,0,0,0,0,0,0,0,0,0,0,0
Acartia_hudsonica,1,40,1074,319,0,0,665,0,0,0,912,0,0,462,506,0,0,0,0,914,0,0,0,0,0,0,0,0,0,118,0,0,738,398,0,19637,3968,1762,0,0,821,0,0,1603,962,1508,0,249,546,1369,0,0,152,2448,0,354,0,98,0,0,0,100,0,0
Acartia_hudsonica,1,0,0,0,0,0,0,0,0,0,0,0,0,0,0,0,0,0,0,0,0,0,0,0,0,0,0,0,0,0,0,344,0,0,0,1066,0,0,0,0,0,0,0,71,312,404,0,0,0,0,0,0,0,0,0,0,0,0,0,0,0,0,0,0
Acartia_hudsonica,1,0,0,0,2913,0,0,0,0,6753,725,0,0,2931,1417,462,0,0,0,0,287,295,0,0,0,0,0,971,436,549,0,471,1625,296,0,48202,28295,16020,0,0,297,0,0,4158,2705,4137,0,2447,915,1122,0,0,0,0,0,0,0,0,0,97,162,702,0,0
Acartia_hudsonica,1,0,0,0,0,0,0,0,0,0,0,0,0,0,0,0,0,0,0,0,0,0,0,0,0,0,0,0,0,0,0,0,0,0,0,437,0,1187,0,0,0,0,0,0,0,0,0,0,0,0,0,0,0,0,0,0,0,0,0,0,0,0,0,0
Acartia_hudsonica,1,0,0,0,511,0,0,0,0,0,0,0,0,0,0,0,0,0,0,0,0,0,0,0,0,0,0,0,0,0,0,0,0,274,0,644,494,0,0,0,0,0,0,671,0,0,0,0,365,0,0,0,0,0,0,0,0,0,0,0,0,0,0,0
Acartia_hudsonica,1,0,0,0,0,0,0,0,0,0,0,0,0,0,0,0,0,0,0,0,0,0,0,0,0,0,0,0,0,0,0,0,0,0,0,1435,0,0,0,0,0,0,0,0,0,0,0,0,0,0,0,0,0,0,0,0,0,0,0,0,0,0,0,0
Geukensia_demissa,1,0,0,7,0,0,0,0,0,0,0,0,0,0,0,0,0,0,0,0,0,0,0,252,829,474,0,0,0,0,0,0,0,0,0,0,0,0,0,0,0,0,0,0,0,0,0,0,0,0,0,0,0,0,0,0,0,0,0,0,0,0,0,0
Synchaeta_triophthalma,0.96,14,186,0,685,0,0,0,0,0,191,8,0,1012,471,0,0,0,435,5,0,0,0,0,0,0,0,0,0,0,0,0,0,0,0,0,0,0,0,0,0,0,0,0,0,0,0,0,0,0,0,0,0,0,0,0,0,0,0,0,0,0,0,0
Evadne_nordmanni,1,0,0,0,0,0,0,0,0,0,0,0,0,0,0,0,0,0,0,0,72,0,21,0,0,0,0,0,0,35,0,0,103,9,0,373,7,62,0,0,0,0,0,0,0,0,0,767,0,0,0,0,0,0,0,0,0,0,0,50,42,2433,0,0
Sarsia_tubulosa,1,42,15,0,220090,0,0,0,0,0,113,11,0,259639,35,134,110,0,29,212,0,0,0,0,0,0,0,0,0,0,0,115,6,83,0,0,0,0,0,0,0,0,0,0,0,0,0,0,0,0,0,0,0,0,0,0,0,0,0,0,0,0,0,0
Pleurobrachia_pileus,1,6,9,0,583,0,0,0,0,12,7,8,0,0,0,23,0,0,19,24,9,0,0,0,0,0,0,0,0,6,0,0,7,0,0,0,0,48,0,0,0,37,0,0,0,2,0,0,0,0,0,0,0,0,0,0,0,0,0,22,0,10,0,0
Prionospio_steenstrupi,1,0,416,0,843,0,395,0,0,0,0,419,0,409,0,0,0,0,0,0,0,0,0,0,0,0,0,0,0,0,0,0,0,0,0,0,0,0,0,0,0,0,0,0,0,0,0,0,0,0,0,0,0,0,0,0,0,0,0,0,0,0,0,0
Rathkea_octopunctata,0.98,0,23,0,39536,0,721,0,0,0,41,37445,0,0,0,85,785,0,0,16,0,0,0,0,0,0,0,0,0,0,0,0,0,7,0,0,0,0,0,0,0,0,0,0,0,0,0,0,0,0,0,0,0,0,0,0,0,0,0,0,0,0,0,0
Rathkea_octopunctata,0.98,0,0,0,0,0,0,0,0,0,0,153125,0,0,0,0,0,0,0,0,0,0,0,0,0,0,0,0,0,0,0,0,0,0,0,0,0,0,0,0,0,0,0,0,0,0,0,0,0,0,0,0,0,0,0,0,0,0,0,0,0,0,0,0
Tortanus_discaudatus,1,0,0,0,0,0,0,0,0,0,0,0,0,0,0,0,0,0,0,0,0,0,0,0,0,0,0,0,0,0,0,0,0,0,0,0,0,0,0,0,0,0,0,0,0,0,0,0,0,0,0,3539,0,0,0,0,0,0,0,0,0,0,0,0
Bonnemaisonia_hamifera,1,61,83,155,93,0,886,0,277,1879,536,0,0,581,102,206,567,0,218,2460,692,40,61,14,0,18,0,34,0,0,0,149,212,0,0,0,0,0,0,26,466,585,0,0,224,253,0,15698,5,12,0,70,228,1083,0,6927,961,306,0,2581,31,5035,0,0
Acrochaetium_moniliforme,1,0,0,0,0,0,0,0,0,0,0,0,0,0,0,0,0,0,0,0,0,0,0,32,0,44,0,0,0,0,0,54,0,0,0,0,0,0,0,0,0,0,0,0,0,0,0,0,0,0,0,0,78,442,0,94,52,48,0,0,0,0,0,0
Acrochaetium_moniliforme,1,0,0,0,0,0,46,0,0,0,66,0,0,0,0,0,0,0,0,99,580,1095,571,0,0,0,0,664,54,319,0,563,467,269,0,45,118,47,0,0,0,0,0,0,0,0,0,133,0,0,0,12,0,260,0,45,0,0,0,470,20,168,0,0
Rhodomela_lycopodioides,1,849,328,576,1429,0,3340,0,272,228,944,616,0,1268,783,892,1326,0,465,1608,23,0,31,0,14,0,0,0,0,0,0,0,18,35,0,19,0,0,0,0,0,0,0,0,0,0,0,0,0,0,0,20,0,0,0,0,0,10,0,0,0,0,0,0
Rhodophysema_georgei,1,43,0,30,0,0,140,0,0,6,86,70,0,7,7,116,53,0,3,40,5,34,102,75,124,47,0,0,0,9,0,6,18,2,0,0,0,0,0,0,0,0,0,0,0,11,0,156,0,23,0,215,2481,7226,0,359,334,193,0,0,0,0,0,0
Acrochaetium_secundatum,1,0,3,11,0,0,51,0,11,16,0,0,0,0,10,0,0,0,0,4,26,0,10,0,0,0,0,0,0,109,0,84,106,45,0,80,26,0,0,0,0,132,0,0,0,0,0,0,0,0,0,0,0,28,0,0,0,6,0,0,0,12,0,0
Corallina_officinalis,1,769,899,613,822,0,7136,0,576,1530,3530,2537,0,745,1146,2989,3228,0,556,2783,51,48,95,0,8,0,0,0,0,17,0,621,148,8,0,140,471,0,0,61,46,0,0,0,0,0,0,411,0,15,0,19,0,0,0,7,0,6,0,6,25,90,0,0
Hildenbrandia_rubra,0.97,84,19,61,76,0,124,0,13,73,0,25,0,36,111,0,217,0,95,28,0,19,29,0,15,55,0,0,0,87,0,1144,303,401,0,129,59,0,0,24,0,0,0,0,9,0,0,253,12,87,0,0,31,0,0,40,22,40,0,21,6,0,0,0
Hildenbrandia_rubra,1,191,12,36,0,0,12,0,38,93,36,8,0,0,46,0,0,0,18,13,0,0,0,19,0,0,0,89,0,172,0,64,184,111,0,219,64,75,0,0,0,0,0,0,0,47,0,0,55,38,0,26,19,0,0,0,30,25,0,8,11,0,0,0
Polysiphonia_flexicaulis,1,309,0,0,0,0,0,0,0,0,0,0,0,0,568,0,0,0,264,0,0,0,0,0,0,0,0,0,0,17,0,0,0,0,0,0,0,0,0,0,0,0,0,0,0,0,0,0,0,0,0,0,0,0,0,0,0,0,0,0,0,0,0,0
Polysiphonia_flexicaulis,1,5671,14,247,26,0,59,0,228,154,46,31,0,18,8497,42,55,0,6051,39,32,11,55,0,0,22,0,0,0,0,0,571,620,169,0,51,85,69,0,0,0,0,0,0,0,0,0,239,0,0,0,0,0,0,0,0,0,0,0,0,0,0,0,0
Polysiphonia_stricta,0.95,17,155,36,87,0,12,0,0,65,104,0,0,77,57,59,27,0,26,67,0,10,22,0,0,0,0,0,0,0,0,0,0,18,0,0,0,0,0,0,0,0,0,0,0,0,0,0,0,0,0,0,0,46,0,18,0,0,0,0,0,0,0,0
Polysiphonia_stricta,0.99,185,9,11,0,0,34,0,0,35,55,0,0,15,70,76,26,0,56,239,11,22,19,0,0,0,0,0,0,31,0,0,0,0,0,0,0,0,0,0,0,75,0,0,0,0,0,0,0,0,0,0,0,0,0,0,0,0,0,0,0,0,0,0
Dumontia_contorta,1,864,302,340,827,0,6502,0,1260,1573,1371,2618,0,760,778,1162,2718,0,296,3090,43,53,58,23,4,39,0,0,0,25,0,163,196,362,0,57,47,0,0,0,0,0,0,0,0,0,0,232,0,0,0,9,6,12,0,0,0,0,0,0,0,0,0,0
Vertebrata_fucoides,1,2839,0,89,0,0,0,0,203,372,0,0,0,0,3333,0,0,0,2156,0,0,0,0,0,0,0,0,135,0,69,0,0,0,0,0,0,0,0,0,0,0,0,0,0,0,0,0,0,0,0,0,0,34,0,0,0,0,0,0,0,0,0,0,0
Vertebrata_fucoides,1,0,0,888,0,0,0,0,1683,2472,0,0,0,0,0,0,0,0,0,0,0,0,0,0,61,134,0,0,0,0,0,0,0,0,0,0,0,0,0,0,0,0,0,0,0,0,0,0,0,0,0,0,0,0,0,0,12,0,0,0,0,0,0,0
Vertebrata_lanosa,1,0,108,0,12,0,67,0,0,0,99,55,0,72,45,107,67,0,87,114,12,41,14,0,0,0,0,0,0,0,0,0,13,0,0,222,7,16,0,0,0,0,0,0,0,0,0,0,0,0,0,0,0,0,0,0,0,0,0,0,0,0,0,0
Carcinus_maenas,1,92,0,0,0,0,35,0,65,75,26,47,0,12,129,57,0,0,67,0,0,16,0,0,0,0,0,0,0,0,0,0,67,54,0,41,0,0,0,0,0,0,0,0,0,0,0,0,0,0,0,55,0,29,0,0,18,0,0,0,0,0,0,0
Carcinus_maenas,1,0,0,188,0,0,0,0,75,20,0,26,0,0,170,0,127,0,40,59,0,0,0,0,0,0,0,0,38,1417,0,0,0,0,0,0,25,0,0,0,0,0,0,0,0,0,0,101,0,0,0,0,0,0,0,48,0,0,0,0,0,0,0,0
Lepidonotus_squamatus_CMC02,1,1338,0,0,0,0,0,0,0,0,0,0,0,0,33,0,41,0,0,23,0,0,0,0,0,0,0,0,0,0,0,0,0,21,0,0,61,0,0,0,0,0,0,0,0,0,0,45,0,0,0,0,0,0,0,0,0,0,0,0,0,0,0,0
Lepidonotus_squamatus_CMC02,1,0,0,0,0,0,0,0,0,0,0,0,0,0,0,0,0,0,0,0,0,0,0,0,0,0,0,0,0,0,0,0,18,0,0,0,975,0,0,0,0,0,0,0,0,0,0,0,0,0,0,0,0,0,0,0,0,0,0,0,0,0,0,0
Lepidonotus_squamatus_CMC02,1,0,0,0,0,0,0,0,0,0,0,0,0,0,0,0,0,0,0,0,0,0,0,0,0,0,0,0,0,0,0,0,0,0,0,2501,0,0,0,0,0,0,0,0,0,0,0,0,0,0,0,0,0,0,0,0,0,0,0,0,0,0,0,0
Microstomum_compositum,1,0,0,0,0,0,0,0,0,0,0,0,0,0,0,0,0,0,0,0,0,0,0,0,0,0,0,0,0,0,0,0,0,0,0,0,0,1273,0,0,0,0,0,762,69,0,0,0,0,0,0,0,0,0,0,0,0,0,0,0,385,398,0,0
Microstomum_compositum,1,0,0,0,0,0,0,0,0,0,0,0,0,0,0,0,0,0,0,0,0,0,0,0,0,0,0,0,0,0,0,0,0,0,0,1428,0,0,0,0,0,0,0,0,0,0,0,0,0,0,0,0,0,0,0,0,0,0,0,0,0,0,0,0
Microstomum_compositum,1,0,0,0,0,0,0,0,0,0,0,0,0,0,0,0,0,0,0,0,0,0,0,0,0,0,0,0,0,0,0,0,0,0,0,0,3842,0,0,0,0,0,0,0,0,0,0,0,0,0,0,0,0,0,0,0,0,0,0,0,0,0,0,0
Balanus_crenatus,0.63,0,0,0,0,0,0,0,0,0,0,0,0,0,0,0,4742,0,0,0,0,0,0,0,0,0,0,0,0,0,0,0,0,0,0,0,0,0,0,0,0,0,0,0,0,0,0,0,0,0,0,0,0,0,0,0,0,0,0,0,0,0,0,0
Balanus_crenatus,0.67,0,0,0,0,0,0,0,0,0,0,0,0,0,0,0,2552,0,0,0,0,0,0,0,0,0,0,0,0,0,0,0,0,0,0,0,0,0,0,0,0,0,0,0,0,0,0,0,0,0,0,0,0,0,0,0,0,0,0,0,0,0,0,0
Balanus_crenatus,0.72,0,0,0,0,0,0,0,0,0,0,66948,0,0,0,0,0,0,0,0,0,0,0,0,0,0,0,0,0,0,0,0,0,0,0,0,0,0,0,0,0,0,0,0,0,0,0,0,0,0,0,0,0,0,0,0,0,0,0,0,0,0,0,0
Balanus_crenatus,0.98,0,0,0,0,0,0,0,0,0,0,0,0,0,0,84571,22163,0,0,0,0,0,0,0,0,0,0,0,0,0,0,0,0,0,0,0,0,0,0,0,0,0,0,0,0,0,0,0,0,0,0,0,0,0,0,0,0,0,0,0,0,0,0,0
Balanus_crenatus,0.53,0,0,0,0,0,0,0,0,0,0,1654,0,0,0,0,0,0,0,0,0,0,0,0,0,0,0,0,0,0,0,0,0,0,0,0,0,0,0,0,0,0,0,0,0,0,0,0,0,0,0,0,0,0,0,0,0,0,0,0,0,0,0,0
Balanus_crenatus,0.67,0,0,0,0,0,0,0,0,0,0,892,0,0,0,0,0,0,0,0,0,0,0,0,0,0,0,0,0,0,0,0,0,0,0,0,0,0,0,0,0,0,0,0,0,0,0,0,0,0,0,0,0,0,0,0,0,0,0,0,0,0,0,0
Balanus_crenatus,0.88,0,0,0,0,0,0,0,0,0,0,4353,0,0,0,997,0,0,0,0,0,0,0,0,0,0,0,0,0,0,0,0,0,0,0,0,0,0,0,0,0,0,0,0,0,0,0,0,0,0,0,0,0,0,0,0,0,0,0,0,0,0,0,0
Balanus_crenatus,0.63,0,0,0,0,0,0,0,0,0,0,1335,0,0,0,363,0,0,0,0,0,0,0,0,0,0,0,0,0,0,0,0,0,0,0,0,0,0,0,0,0,0,0,0,0,0,0,0,0,0,0,0,0,0,0,0,0,0,0,0,0,0,0,0
Balanus_crenatus,0.98,0,0,0,0,0,0,0,0,0,0,38176,0,0,0,9254,20156,0,0,0,0,0,0,0,0,0,0,0,0,0,0,0,0,4,0,0,0,0,0,0,0,0,0,0,0,0,0,0,0,0,0,0,0,0,0,0,0,0,0,0,0,0,0,0
Balanus_crenatus,0.64,0,0,0,0,0,0,0,0,0,0,490,0,0,0,731,268,0,0,0,0,0,0,0,0,0,0,0,0,0,0,0,0,0,0,0,0,0,0,0,0,0,0,0,0,0,0,0,0,0,0,0,0,0,0,0,0,0,0,0,0,0,0,0
Balanus_crenatus,0.61,0,0,0,0,0,0,0,0,0,0,995,0,0,0,0,0,0,0,0,0,0,0,0,0,0,0,0,0,0,0,0,0,0,0,0,0,0,0,0,0,0,0,0,0,0,0,0,0,0,0,0,0,0,0,0,0,0,0,0,0,0,0,0
Balanus_crenatus,0.51,0,0,0,0,0,0,0,0,0,0,0,0,0,0,0,3326,0,0,0,0,0,0,0,0,0,0,0,0,0,0,0,0,0,0,0,0,0,0,0,0,0,0,0,0,0,0,0,0,0,0,0,0,0,0,0,0,0,0,0,0,0,0,0
Balanus_crenatus,0.9,0,0,0,0,0,0,0,0,0,0,0,0,0,0,0,3192,0,0,0,0,0,0,0,0,0,0,0,0,0,0,0,0,0,0,0,0,0,0,0,0,0,0,0,0,0,0,0,0,0,0,0,0,0,0,0,0,0,0,0,0,0,0,0
Balanus_crenatus,0.73,0,0,0,0,0,0,0,0,0,0,0,0,0,0,0,3000,0,0,0,0,0,0,0,0,0,0,0,0,0,0,0,0,0,0,0,0,0,0,0,0,0,0,0,0,0,0,0,0,0,0,0,0,0,0,0,0,0,0,0,0,0,0,0
Balanus_balanus,0.47,0,0,0,0,0,0,0,0,0,0,917,0,0,0,219,0,0,0,0,0,0,0,0,0,0,0,0,0,0,0,0,0,0,0,0,0,0,0,0,0,0,0,0,0,0,0,0,0,0,0,0,0,0,0,0,0,0,0,0,0,0,0,0
Acartia_tonsa,1,1086,0,0,0,0,0,0,0,0,0,0,0,0,0,0,0,0,0,0,0,0,0,0,0,0,0,0,0,0,0,0,0,0,0,0,0,0,0,0,0,0,0,0,460,605,0,0,0,0,0,0,1867,0,0,0,0,81,0,0,0,0,0,0
Halichondria_panicea,1,101,16,441,0,0,281,0,46,204,19,158,0,0,49,0,286,0,29,24,0,0,0,0,6,15,0,0,45,0,0,56,0,33,0,0,0,0,0,85,0,25,0,0,0,0,0,84,7,0,0,0,0,0,0,37,0,0,0,0,0,0,0,0
Clytia_hemisphaerica,1,0,0,0,0,0,0,0,0,0,0,0,0,0,0,0,0,0,0,0,0,0,3,0,0,0,0,0,0,0,0,0,0,0,0,4798,46,0,0,0,0,0,0,0,0,0,0,0,0,0,0,0,0,0,0,0,0,0,0,0,0,17,0,0
Clytia_hemisphaerica,1,0,0,0,0,0,0,0,0,0,0,0,0,0,0,0,0,0,0,0,0,0,0,0,0,0,0,0,0,0,0,0,0,0,0,0,0,3183,0,0,0,0,0,0,0,0,0,0,0,0,0,0,0,0,0,0,0,0,0,24,0,0,0,0
Obelia_geniculata,1,0,0,11,0,0,0,0,0,0,5,0,0,0,0,0,0,0,0,0,0,0,0,0,656,0,0,1692,20,563,0,0,8,0,0,0,0,0,0,0,0,0,0,0,0,29,0,0,0,0,0,0,0,0,0,0,0,0,0,2083,0,6830,0,0
Tiaropsis_multicirrata,1,0,0,0,0,0,236,0,0,0,45,223,0,38,0,0,298,0,0,47,0,0,0,0,0,0,0,0,11,0,0,0,0,0,0,0,0,0,0,0,0,0,0,0,0,0,0,0,0,0,0,0,0,0,0,0,0,0,0,0,0,0,0,0
Tiaropsis_multicirrata,1,6,14,0,18,0,142,0,0,0,81,137,0,0,0,38,373,0,0,0,0,0,0,0,0,0,0,0,0,0,0,0,0,0,0,13,0,0,0,0,0,0,0,0,0,0,0,0,0,0,0,0,0,0,0,0,0,0,0,0,0,0,0,0
Laomedea_flexuosa,1,157,0,0,0,0,0,0,0,0,32,0,0,0,126,22,0,0,70,0,30,6,7,0,0,0,0,93,553,151,0,195,142,79,0,16,0,13,0,0,0,0,0,0,0,0,0,0,0,3,0,0,0,0,0,0,0,0,0,0,0,0,0,0
Obelia_longissima,1,0,0,29,0,0,12,0,0,0,29,30,0,0,0,33,0,0,0,0,0,0,0,3927,11,0,0,36,0,0,0,0,0,0,0,0,0,0,0,0,0,0,0,0,0,0,0,0,0,0,0,0,0,0,0,16,635,0,0,14,0,0,0,0
Juxtacribrilina_mutabilis,1,0,0,0,0,0,0,0,0,0,26,0,0,0,0,8,3168,0,0,4,0,612,14,0,0,0,0,0,0,0,0,0,0,0,0,0,0,0,0,0,0,0,0,0,0,0,0,0,0,0,0,18,59,0,0,0,0,0,0,0,0,0,0,0
Polydora_cornuta,1,0,0,0,0,0,0,0,0,0,0,0,0,0,0,0,0,0,0,0,0,0,0,0,0,0,0,0,0,11,0,0,0,0,0,3945,0,0,0,0,0,0,0,0,0,0,0,0,0,0,0,0,0,0,0,0,0,0,0,0,0,0,0,0
Littorina_littorea,1,0,0,0,0,0,1285,0,0,0,0,510,0,0,0,0,0,0,0,0,0,0,0,0,0,0,0,0,0,141,0,0,0,0,0,801,0,0,0,0,0,0,0,0,0,0,0,0,0,0,0,0,0,0,0,0,0,0,0,0,0,0,0,0
Littorina_littorea,1,0,628,46,377,0,3396,0,454,0,448,696,0,477,0,889,528,0,0,981,0,0,0,0,0,0,0,0,0,0,0,589,0,457,0,0,0,243,0,0,0,13,0,0,0,0,0,0,0,16,0,0,0,0,0,0,0,0,0,0,0,0,0,0
Littorina_littorea,1,0,451,0,0,0,620,0,0,0,0,0,0,0,0,0,303,0,0,0,0,0,214,0,0,0,0,0,0,0,0,926,0,0,0,0,0,0,0,0,0,0,0,0,0,0,0,0,0,0,0,0,0,0,0,0,14,0,0,0,0,0,0,0
Littorina_littorea,1,1220,38,108,1151,0,9193,0,883,1460,396,4497,0,678,54,1279,3557,0,744,1008,561,70,0,8,0,0,0,23,1069,0,0,2222,1916,602,0,1023,632,757,0,0,0,0,0,0,0,0,0,66,12,0,0,0,31,59,0,380,0,0,0,0,0,0,0,0
Littorina_littorea,1,0,454,0,0,0,1687,0,0,0,0,1597,0,0,0,1424,2011,0,257,0,0,0,0,0,0,209,0,0,0,0,0,0,0,95,0,0,0,0,0,0,0,0,0,0,0,0,0,0,0,0,0,0,0,0,0,0,0,0,0,0,0,0,0,0
Boonea_cf._bisuturalis_BOLD:ABW1340,1,0,0,0,0,0,0,0,0,0,0,0,0,0,0,0,0,0,0,0,0,0,0,0,0,0,0,0,0,0,0,0,0,0,0,0,0,0,0,0,0,0,0,0,1792,0,0,0,0,0,0,0,0,0,0,0,0,0,0,0,0,0,0,0
Pleopis_polyphemoides,1,0,0,0,0,0,0,0,0,0,0,0,0,0,0,0,0,0,0,0,0,0,0,0,0,0,0,0,139,58,0,0,0,0,0,24,179,0,0,0,0,0,0,0,0,0,0,0,0,0,0,0,0,0,0,0,0,0,0,0,614,0,0,0
Tiaropsis_multicirrata,1,40,0,0,14,0,231,0,0,0,0,225,0,0,0,58,276,0,5,43,0,0,0,0,0,0,0,0,0,0,0,0,13,0,0,0,0,0,0,0,0,0,0,0,0,0,0,0,0,0,0,0,0,0,0,0,0,0,0,0,0,0,0,0
Polycirrus_eximius,1,150,0,39,56,0,0,0,80,308,0,7,0,0,47,0,0,0,30,0,0,0,0,0,0,0,0,0,0,0,0,175,99,215,0,0,0,0,0,0,0,0,0,0,13,0,0,0,0,13,0,0,0,0,0,0,0,0,0,0,0,0,0,0
Tortanus_discaudatus,1,0,0,0,0,0,0,0,0,0,0,0,0,0,0,0,0,0,0,0,0,0,0,0,0,0,0,0,0,0,0,0,0,0,0,0,0,0,0,0,0,0,0,0,0,2023,0,0,0,0,0,0,0,0,0,0,0,0,0,0,0,0,0,0
Tortanus_discaudatus,1,0,15,0,0,0,0,0,0,0,0,139,0,0,0,0,0,0,0,0,0,0,0,0,0,0,0,0,0,0,0,0,0,0,0,0,0,0,0,0,0,0,0,0,0,1645,0,0,0,0,0,0,0,0,0,0,0,0,0,0,0,0,0,0
Tortanus_discaudatus,1,0,780,0,0,0,937,0,814,0,0,11,0,0,0,0,0,0,0,0,0,0,0,0,0,0,0,0,0,0,0,0,0,0,0,0,0,0,0,0,0,0,0,0,0,0,0,0,0,0,0,0,0,0,0,0,0,0,0,0,0,0,0,0
Tortanus_discaudatus,1,0,0,0,0,0,166,0,0,0,166,106,0,557,0,0,195,0,0,0,0,3,0,0,0,0,0,0,0,0,0,0,0,0,0,0,0,0,0,0,115,0,0,0,0,5910,0,753,0,0,0,0,0,0,0,0,0,0,0,0,0,0,0,0
Tortanus_discaudatus,1,0,0,0,0,0,0,0,0,0,0,0,0,0,0,0,0,0,0,0,0,0,0,0,0,0,0,0,0,0,0,0,0,0,0,0,0,0,0,0,0,912,0,0,0,0,0,0,0,0,0,0,0,0,0,0,0,0,0,0,0,0,0,0
Tortanus_discaudatus,1,0,1118,0,0,0,0,0,0,0,0,0,0,0,0,0,0,0,0,0,0,0,0,0,0,0,0,0,0,0,0,0,0,0,0,0,0,0,0,0,0,0,0,0,0,0,0,0,0,0,0,0,0,0,0,0,0,0,0,0,0,0,0,0
Tortanus_discaudatus,1,0,0,0,0,0,0,0,0,0,0,760,0,0,0,0,0,0,0,0,0,0,0,0,0,0,0,0,0,0,0,0,0,0,0,0,0,0,0,0,0,0,0,0,0,0,0,0,0,0,0,0,0,0,0,0,0,0,0,0,0,0,0,0
Asterias_rubens,1,1093,0,0,0,0,0,0,0,36,0,0,0,0,0,0,0,0,0,0,0,0,0,0,0,0,0,14,0,0,0,0,0,0,0,4187,0,0,0,0,0,0,0,0,0,0,0,0,0,0,0,0,0,0,0,0,0,0,0,20,0,0,0,0
Asterias_rubens,1,235,31,0,0,0,27,0,0,0,0,0,0,14,196,43,0,0,131,0,0,57,54,0,0,0,0,0,15,1129,0,0,0,7,0,0,14,911,0,0,0,0,0,32,0,0,0,0,0,0,0,4,13,0,0,0,0,0,0,0,0,0,0,0
Asterias_rubens,1,1579,0,79,3,0,0,0,6,48,0,17,0,0,0,0,0,0,140,0,55,66,0,0,0,0,0,0,0,0,0,0,0,0,0,0,0,0,0,0,0,0,0,0,0,0,0,0,0,8,0,0,0,0,0,0,0,0,0,0,0,0,0,0
Turtonia_minuta,1,267,0,0,2,0,8,0,13,14,79,0,0,0,339,71,62,0,208,62,0,0,0,0,0,0,0,5,0,32,0,0,0,4,0,0,0,0,0,0,0,0,0,39,0,0,0,57,0,0,0,34,0,0,0,0,0,0,0,0,0,0,0,0
Synchaeta_vorax,1,784,23,135,0,0,0,0,0,0,0,0,0,0,267,0,0,0,0,0,0,0,0,0,0,0,0,0,0,0,0,0,0,0,0,0,0,0,0,0,0,0,0,0,0,0,0,0,0,0,0,0,0,0,0,0,0,0,0,0,0,0,0,0
Synchaeta_vorax,1,498,0,0,0,0,0,0,0,0,0,0,0,0,446,0,0,0,156,0,0,0,0,0,0,0,0,0,0,0,0,0,0,0,0,0,0,0,0,0,0,0,0,0,0,0,0,0,0,0,0,0,0,0,0,0,0,0,0,0,0,0,0,0
Synchaeta_vorax,1,814,0,0,0,0,0,0,0,0,0,0,0,0,33,0,0,0,0,0,0,0,0,0,0,0,0,0,0,0,0,0,0,0,0,0,0,0,0,0,0,0,0,0,0,0,0,0,0,0,0,0,0,0,0,0,0,0,0,0,0,0,0,0
Tritia_trivittata,1,0,0,0,0,0,0,0,9,7,0,4,0,0,0,0,0,0,0,0,4,0,0,0,0,7,0,0,0,0,0,0,0,0,0,2800,0,0,0,0,0,0,0,0,0,0,0,0,0,0,0,0,0,0,0,0,0,0,0,0,0,0,0,0
Dynamena_pumila,1,883,7,1439,3,0,355,0,1451,1561,308,192,0,0,720,217,383,0,419,312,53,51,148,342,134,169,0,116,0,62,0,215,284,325,0,214,58,17,0,0,0,48,0,22,0,0,0,256,107,13,0,0,0,0,0,0,0,0,0,79,0,0,0,0
Mytilus_trossulus,1,0,0,33,0,0,0,0,0,552,0,0,0,0,0,0,0,0,0,0,0,0,24,0,0,0,0,0,0,45,0,0,0,0,0,0,0,0,0,0,0,0,0,0,0,0,0,0,0,0,0,0,0,0,0,0,0,8,0,50,0,32,0,0
Mytilus_trossulus,1,62,0,0,0,0,0,0,0,0,244,37,0,0,49,266,0,0,443,252,27,23,0,0,59,0,0,0,7,0,0,573,965,0,0,34,0,0,0,784,5593,1162,0,843,0,0,0,7,237,3250,0,0,0,34,0,8,5,0,0,76,0,0,0,0
Micromonas_pusilla,1,0,0,0,0,0,0,0,0,0,0,0,0,0,0,0,0,0,0,0,0,0,0,0,0,0,0,0,0,0,0,0,0,0,0,0,0,0,0,0,213,181,0,100,0,113,0,0,172,302,0,0,0,0,0,0,0,0,0,302,484,761,0,0
Micromonas_pusilla,1,6,0,28,16,0,8,0,0,15,25,9,0,8,10,0,0,0,0,11,26,38,20,15,12,13,0,38,6,10,0,23,22,14,0,252,491,510,0,3567,5401,6311,0,3669,1048,3022,0,4629,6924,7479,0,1755,1509,1500,0,673,808,493,0,10349,17833,23359,0,0
Micromonas_pusilla,0.96,0,0,0,0,0,0,0,0,0,0,0,0,0,0,0,0,0,0,0,12,19,36,9,0,0,0,56,66,28,0,22,116,15,0,482,1268,779,0,19,26,0,0,7,0,0,0,10,56,82,0,8,6,0,0,0,0,0,0,310,642,671,0,0
Ophiopholis_aculeata,1,0,0,0,0,0,0,0,0,0,0,0,0,0,0,0,0,0,0,0,0,0,0,0,0,0,0,0,0,0,0,0,0,0,0,0,0,0,0,0,0,0,0,0,0,1551,0,0,0,0,0,0,0,0,0,0,0,0,0,0,0,0,0,0
Ophiopholis_aculeata,1,0,0,0,0,0,0,0,0,0,0,0,0,0,0,18,0,0,0,0,0,0,0,0,11,0,0,0,0,0,0,0,0,0,0,0,0,0,0,1674,0,1871,0,2485,203,2120,0,37,0,0,0,0,0,0,0,0,0,0,0,0,0,0,0,0
Ophiopholis_aculeata,1,0,0,0,0,0,0,0,0,0,0,0,0,0,0,0,0,0,0,0,0,0,0,0,0,0,0,0,0,0,0,0,0,0,0,0,0,0,0,2794,0,0,0,0,0,0,0,0,0,0,0,0,0,0,0,0,0,0,0,0,0,0,0,0
Ophiopholis_aculeata,1,0,0,0,0,0,0,0,0,0,0,0,0,0,0,0,0,0,0,0,0,0,0,0,0,0,0,0,0,0,0,0,0,0,0,0,0,0,0,0,0,0,0,0,0,1097,0,0,0,0,0,0,0,0,0,0,0,0,0,0,0,0,0,0
Ophiopholis_aculeata,1,0,0,0,0,0,0,0,0,0,0,0,0,0,0,0,0,0,0,0,0,0,0,0,0,0,0,0,25,0,0,0,0,0,0,0,0,0,0,1075,0,0,0,0,0,1051,0,0,0,0,0,0,0,0,0,0,0,0,0,0,0,0,0,0
Ophiopholis_aculeata,1,0,0,0,0,0,0,0,0,0,0,0,0,0,0,0,0,0,0,0,0,0,0,0,0,0,0,0,0,0,0,0,0,0,0,0,0,0,0,1079,0,0,0,838,0,0,0,0,0,0,0,0,0,0,0,0,0,0,0,0,0,0,0,0
Ophiopholis_aculeata,1,0,0,0,0,0,0,0,0,0,0,0,0,0,0,0,0,0,0,0,0,0,0,0,0,0,0,0,0,0,0,0,0,0,0,0,0,0,0,203,0,0,0,0,0,1483,0,0,0,0,0,0,0,0,0,0,0,0,0,0,0,0,0,0
Ophiopholis_aculeata,1,0,0,0,0,0,0,0,0,0,0,0,0,0,0,0,0,0,0,0,0,0,0,0,0,0,0,0,0,0,0,0,0,0,0,0,0,0,0,0,0,0,0,0,0,1154,0,0,0,0,0,0,0,0,0,0,0,0,0,0,0,0,0,0
Ophiopholis_aculeata,1,0,0,0,0,0,0,0,0,0,0,0,0,0,0,0,0,0,0,0,0,0,0,0,0,0,0,0,0,0,0,0,0,0,0,0,0,0,0,0,0,0,0,1571,0,0,0,0,0,0,0,0,0,0,0,0,0,0,0,0,0,0,0,0
Ophiopholis_aculeata,1,17,0,0,0,0,0,0,0,0,0,36,0,0,0,0,0,0,0,0,0,0,0,0,0,8,0,0,0,0,0,0,0,0,0,0,0,0,0,0,4900,0,0,3631,297,3015,0,0,0,0,0,0,323,0,0,0,0,0,0,0,0,0,0,0
Ophiopholis_aculeata,1,0,0,0,0,0,0,0,0,0,0,0,0,0,0,0,0,0,0,0,0,0,0,0,0,0,0,0,0,0,0,0,0,0,0,0,0,0,0,0,0,0,0,0,883,0,0,0,0,0,0,0,0,0,0,0,0,0,0,0,0,0,0,0
Ophiopholis_aculeata,1,0,0,0,0,0,0,0,0,0,0,0,0,0,0,0,0,0,0,0,0,0,0,0,0,0,0,0,0,0,0,0,0,0,0,0,0,0,0,0,0,6062,0,0,0,0,0,0,0,0,0,0,0,0,0,0,0,0,0,0,0,0,0,0
Membranipora_membranacea,1,0,0,0,0,0,0,0,0,0,0,0,0,0,0,0,0,0,0,0,0,0,0,0,0,0,0,0,0,0,0,0,0,14,0,0,0,0,0,1470,1100,1996,0,0,0,0,0,1995,74,1581,0,4989,0,760,0,0,0,0,0,196,0,0,0,0
Membranipora_membranacea,1,0,0,0,0,0,0,0,0,0,0,0,0,0,0,0,0,0,0,0,0,0,0,0,0,0,0,0,0,0,0,0,0,0,0,0,0,0,0,0,0,6148,0,0,0,0,0,0,0,0,0,0,0,0,0,0,0,0,0,0,0,0,0,0
Membranipora_membranacea,1,0,0,0,0,0,0,0,0,0,0,0,0,0,0,0,0,0,0,0,0,0,0,0,0,0,0,0,0,0,0,0,0,0,0,0,0,0,0,0,0,0,0,0,0,0,0,3302,0,0,0,0,0,0,0,0,0,0,0,0,0,0,0,0
Membranipora_membranacea,1,0,0,0,0,0,0,0,0,0,0,0,0,0,0,0,0,0,0,0,0,0,0,0,18,0,0,0,0,0,0,0,0,0,0,0,0,1313,0,7685,0,0,0,0,107,0,0,0,0,0,0,0,0,296,0,0,0,0,0,0,0,0,0,0
Membranipora_membranacea,1,128,0,0,0,0,0,0,0,0,0,0,0,0,0,0,0,0,0,0,0,0,0,0,0,0,0,0,0,0,0,216,0,0,0,0,0,0,0,1114,3507,1057,0,27,620,0,0,1353,594,855,0,287,1249,1495,0,17,0,63,0,173,12,99,0,0
Membranipora_membranacea,1,0,0,0,0,0,0,0,0,0,0,0,0,0,0,0,0,0,0,0,0,0,0,0,0,0,0,0,359,0,0,0,0,0,0,0,0,0,0,0,0,0,0,0,0,0,0,821,0,0,0,0,270,0,0,0,0,0,0,0,0,0,0,0
Membranipora_membranacea,1,0,0,0,0,0,0,0,0,0,0,0,0,0,0,0,9,0,0,0,0,0,0,0,0,0,0,0,0,0,0,0,0,0,0,0,0,0,0,0,948,0,0,0,0,0,0,409,0,0,0,0,0,0,0,0,0,0,0,0,0,0,0,0
Membranipora_membranacea,1,0,0,0,0,0,0,0,0,0,0,0,0,0,0,0,0,0,0,0,0,0,0,0,0,0,0,0,0,0,0,0,0,0,0,0,0,0,0,0,0,0,0,0,0,0,0,0,0,757,0,0,0,0,0,0,0,0,0,0,0,0,0,0
Membranipora_membranacea,1,0,0,0,0,0,0,0,0,0,0,0,0,0,0,0,0,0,0,0,0,0,0,0,0,0,0,0,0,0,0,0,0,0,0,0,0,0,0,0,0,0,0,383,0,0,0,69,0,465,0,0,0,0,0,0,0,0,0,0,0,0,0,0
Botrylloides_violaceus,1,107,0,155,0,0,14,0,28,229,29,28,0,124,116,49,0,0,67,5,17,56,372,78,39,45,0,198,393,194,0,199,70,137,0,0,18,0,0,82,47,204,0,0,0,9,0,582,1086,764,0,1695,2672,2371,0,166,269,178,0,53,40,22,0,0
Modiolus_modiolus,1,0,0,0,0,0,0,0,0,0,0,0,0,0,0,0,0,0,0,0,0,0,0,0,0,0,0,0,0,0,0,0,0,0,0,0,0,0,0,0,0,0,0,0,0,0,0,999,0,0,0,0,0,0,0,0,0,0,0,0,0,0,0,0
Modiolus_modiolus,1,0,0,0,15,0,0,0,0,0,0,0,0,0,0,0,0,0,0,0,0,0,0,0,0,0,0,0,0,0,0,0,0,0,0,0,0,0,0,0,0,0,0,0,0,0,0,3391,0,1898,0,0,0,0,0,0,0,0,0,0,0,0,0,0
Modiolus_modiolus,1,24,0,45,0,0,0,0,0,0,0,0,0,0,0,61,186,0,0,139,11,0,0,0,0,0,0,0,0,0,0,0,26,0,0,0,0,0,0,1858,0,16422,0,0,0,138,0,48386,0,14003,0,0,130,5787,0,0,0,0,0,0,10,5,0,0
Modiolus_modiolus,1,0,0,0,0,0,0,0,0,0,0,0,0,0,0,0,0,0,0,0,0,0,0,0,0,0,0,0,0,0,0,0,0,0,0,0,0,0,0,0,0,0,0,0,0,0,0,1060,0,0,0,0,0,0,0,0,0,0,0,0,0,0,0,0
Modiolus_modiolus,1,0,0,0,0,0,0,0,0,0,0,0,0,0,0,0,0,0,0,0,0,0,0,0,0,0,0,0,0,0,0,0,0,0,0,0,0,0,0,0,0,0,0,0,0,0,0,1527,0,0,0,0,0,0,0,0,0,0,0,0,0,0,0,0
Modiolus_modiolus,1,0,0,0,0,0,0,0,0,0,0,0,0,0,0,0,0,0,0,0,0,0,0,0,0,0,0,0,0,0,0,0,0,0,0,0,0,0,0,0,0,0,0,0,0,0,0,2414,0,0,0,0,0,0,0,0,0,0,0,0,0,0,0,0
Modiolus_modiolus,1,0,0,0,0,0,121,0,7,0,44,56,0,0,0,66,101,0,21,0,0,0,0,0,0,0,0,12,90,0,0,66,0,0,0,0,0,0,0,2133,7330,13737,0,115,0,66,0,42372,2964,20584,0,2112,1772,0,0,0,0,0,0,0,0,0,0,0
Modiolus_modiolus,1,0,0,0,0,0,0,0,0,0,0,0,0,0,0,0,0,0,0,0,0,0,0,0,0,0,0,0,0,0,0,0,0,0,0,0,0,0,0,0,0,0,0,0,0,0,0,2428,0,0,0,0,0,0,0,0,0,0,0,0,0,0,0,0
Modiolus_modiolus,1,0,0,0,0,0,0,0,0,0,0,0,0,0,0,0,0,0,0,0,0,0,0,0,0,0,0,0,0,0,0,0,0,0,0,0,0,0,0,569,4335,0,0,0,0,0,0,5006,0,1721,0,0,0,0,0,0,0,0,0,0,0,0,0,0
Modiolus_modiolus,1,0,0,0,0,0,0,0,0,0,0,0,0,0,0,0,55,0,0,0,0,0,0,0,0,0,0,0,0,0,0,0,0,0,0,0,0,0,0,0,0,0,0,0,0,0,0,1011,0,399,0,0,0,0,0,0,0,0,0,0,0,0,0,0
Membranipora_membranacea,1,0,0,0,0,0,0,0,0,0,0,0,0,0,0,0,0,0,16,8,0,0,0,0,0,0,0,13,0,0,0,0,16,0,0,0,0,0,0,0,830,0,0,0,147,26,0,2216,1298,789,0,0,0,61,0,0,88,0,0,354,0,0,0,0
